{"type":"FeatureCollection","features":[{"type":"Feature","geometry":{"geodesic":false,"crs":{"type":"name","properties":{"name":"EPSG:32635"}},"type":"Polygon","coordinates":[[[313000.0,5137500.0],[313500.0,5137500.0],[313500.0,5138000.0],[313000.0,5138000.0],[313000.0,5137500.0]]]},"id":"1_1_1_1_1_626,10275","properties":{"built_fraction":0.0,"built_pixel_count":0,"center_lat":46.36754233789063,"center_lon":24.572056526905286,"crop_fraction":0.005617965360933697,"crop_pixel_count":20.345098039215685,"dominant_class_name":"Tree cover","dominant_esa_code":10,"dominant_fraction":0.742183253092155,"dominant_id":0,"dominant_pixel_count":2687.768627450982,"grass_fraction":0.25219878154691117,"grass_pixel_count":913.3215686274509,"ignored_pixel_count":0,"inside_fraction":1.0,"patch_group":"tree","patch_id":"A_24.57206_46.36754","rand_split":0.04257855314695658,"rand_train_tree":0.0013493190452861237,"region_name":"A","selected_fraction":1.0,"selected_pixel_count":3621.435294117649,"shrub_fraction":0.0,"shrub_pixel_count":0,"split":"train","total_pixel_count":3621.435294117649,"tree_fraction":0.742183253092155,"tree_pixel_count":2687.768627450982}},{"type":"Feature","geometry":{"geodesic":false,"crs":{"type":"name","properties":{"name":"EPSG:32635"}},"type":"Polygon","coordinates":[[[331500.0,5118500.0],[332000.0,5118500.0],[332000.0,5119000.0],[331500.0,5119000.0],[331500.0,5118500.0]]]},"id":"1_1_1_1_1_663,10237","properties":{"built_fraction":0.0,"built_pixel_count":0,"center_lat":46.20152153323446,"center_lon":24.819182481199597,"crop_fraction":0.0,"crop_pixel_count":0,"dominant_class_name":"Tree cover","dominant_esa_code":10,"dominant_fraction":0.9080649995439086,"dominant_id":0,"dominant_pixel_count":3279.24705882353,"grass_fraction":0.0919350004560914,"grass_pixel_count":332.0,"ignored_pixel_count":0,"inside_fraction":1.0,"patch_group":"tree","patch_id":"A_24.81918_46.20152","rand_split":0.38059836448878714,"rand_train_tree":0.001709677010381827,"region_name":"A","selected_fraction":1.0,"selected_pixel_count":3611.24705882353,"shrub_fraction":0.0,"shrub_pixel_count":0,"split":"train","total_pixel_count":3611.24705882353,"tree_fraction":0.9080649995439086,"tree_pixel_count":3279.24705882353}},{"type":"Feature","geometry":{"geodesic":false,"crs":{"type":"name","properties":{"name":"EPSG:32635"}},"type":"Polygon","coordinates":[[[321500.0,5137500.0],[322000.0,5137500.0],[322000.0,5138000.0],[321500.0,5138000.0],[321500.0,5137500.0]]]},"id":"1_1_1_1_1_643,10275","properties":{"built_fraction":0.0,"built_pixel_count":0,"center_lat":46.36983462396227,"center_lon":24.682471217224712,"crop_fraction":0.0,"crop_pixel_count":0,"dominant_class_name":"Tree cover","dominant_esa_code":10,"dominant_fraction":0.7423303384460801,"dominant_id":0,"dominant_pixel_count":2688.6156862745083,"grass_fraction":0.2576696615539199,"grass_pixel_count":933.2431372549016,"ignored_pixel_count":0,"inside_fraction":1.0,"patch_group":"tree","patch_id":"A_24.68247_46.36983","rand_split":0.7359032480740044,"rand_train_tree":0.002033499626118651,"region_name":"A","selected_fraction":1.0,"selected_pixel_count":3621.85882352941,"shrub_fraction":0.0,"shrub_pixel_count":0,"split":"train","total_pixel_count":3621.85882352941,"tree_fraction":0.7423303384460801,"tree_pixel_count":2688.6156862745083}},{"type":"Feature","geometry":{"geodesic":false,"crs":{"type":"name","properties":{"name":"EPSG:32635"}},"type":"Polygon","coordinates":[[[302500.0,5120000.0],[303000.0,5120000.0],[303000.0,5120500.0],[302500.0,5120500.0],[302500.0,5120000.0]]]},"id":"1_1_1_1_1_605,10240","properties":{"built_fraction":0.0,"built_pixel_count":0,"center_lat":46.20722303739261,"center_lon":24.443017058673274,"crop_fraction":0.0,"crop_pixel_count":0,"dominant_class_name":"Tree cover","dominant_esa_code":10,"dominant_fraction":0.757003773142265,"dominant_id":0,"dominant_pixel_count":2733.282352941176,"grass_fraction":0.24299622685773498,"grass_pixel_count":877.3764705882354,"ignored_pixel_count":0,"inside_fraction":1.0,"patch_group":"tree","patch_id":"A_24.44302_46.20722","rand_split":0.8056973439129805,"rand_train_tree":0.0032920174916025724,"region_name":"A","selected_fraction":1.0,"selected_pixel_count":3610.6588235294116,"shrub_fraction":0.0,"shrub_pixel_count":0,"split":"train","total_pixel_count":3610.6588235294116,"tree_fraction":0.757003773142265,"tree_pixel_count":2733.282352941176}},{"type":"Feature","geometry":{"geodesic":false,"crs":{"type":"name","properties":{"name":"EPSG:32635"}},"type":"Polygon","coordinates":[[[260000.0,5134000.0],[260500.0,5134000.0],[260500.0,5134500.0],[260000.0,5134500.0],[260000.0,5134000.0]]]},"id":"1_1_1_1_1_520,10268","properties":{"built_fraction":0.0,"built_pixel_count":0,"center_lat":46.31939549124434,"center_lon":23.88571107249427,"crop_fraction":0.1765234063226568,"crop_pixel_count":638.3529411764706,"dominant_class_name":"Tree cover","dominant_esa_code":10,"dominant_fraction":0.6109837509109205,"dominant_id":0,"dominant_pixel_count":2209.4705882352932,"grass_fraction":0.21249284276642263,"grass_pixel_count":768.4274509803921,"ignored_pixel_count":0,"inside_fraction":1.0,"patch_group":"tree","patch_id":"A_23.88571_46.31940","rand_split":0.7001336935304532,"rand_train_tree":0.00329311228634932,"region_name":"A","selected_fraction":1.0,"selected_pixel_count":3616.250980392156,"shrub_fraction":0.0,"shrub_pixel_count":0,"split":"train","total_pixel_count":3616.250980392156,"tree_fraction":0.6109837509109205,"tree_pixel_count":2209.4705882352932}},{"type":"Feature","geometry":{"geodesic":false,"crs":{"type":"name","properties":{"name":"EPSG:32635"}},"type":"Polygon","coordinates":[[[316000.0,5127000.0],[316500.0,5127000.0],[316500.0,5127500.0],[316000.0,5127500.0],[316000.0,5127000.0]]]},"id":"1_1_1_1_1_632,10254","properties":{"built_fraction":0.0,"built_pixel_count":0,"center_lat":46.27394737498203,"center_lon":24.615133121282874,"crop_fraction":0.25429631911422707,"crop_pixel_count":919.4078431372548,"dominant_class_name":"Tree cover","dominant_esa_code":10,"dominant_fraction":0.5948541789594253,"dominant_id":0,"dominant_pixel_count":2150.69411764706,"grass_fraction":0.15084950192634755,"grass_pixel_count":545.3960784313726,"ignored_pixel_count":0,"inside_fraction":1.0,"patch_group":"tree","patch_id":"A_24.61513_46.27395","rand_split":0.4855199367486913,"rand_train_tree":0.00438755717860051,"region_name":"A","selected_fraction":1.0,"selected_pixel_count":3615.4980392156876,"shrub_fraction":0.0,"shrub_pixel_count":0,"split":"train","total_pixel_count":3615.4980392156876,"tree_fraction":0.5948541789594253,"tree_pixel_count":2150.69411764706}},{"type":"Feature","geometry":{"geodesic":false,"crs":{"type":"name","properties":{"name":"EPSG:32635"}},"type":"Polygon","coordinates":[[[296500.0,5123500.0],[297000.0,5123500.0],[297000.0,5124000.0],[296500.0,5124000.0],[296500.0,5123500.0]]]},"id":"1_1_1_1_1_593,10247","properties":{"built_fraction":0.0,"built_pixel_count":0,"center_lat":46.23692426461878,"center_lon":24.363813712512407,"crop_fraction":0.0,"crop_pixel_count":0,"dominant_class_name":"Tree cover","dominant_esa_code":10,"dominant_fraction":0.845669436649533,"dominant_id":0,"dominant_pixel_count":3054.9725490196083,"grass_fraction":0.15433056335046705,"grass_pixel_count":557.5176470588235,"ignored_pixel_count":0,"inside_fraction":1.0,"patch_group":"tree","patch_id":"A_24.36381_46.23692","rand_split":0.3689386848735656,"rand_train_tree":0.00449466047194258,"region_name":"A","selected_fraction":1.0,"selected_pixel_count":3612.490196078432,"shrub_fraction":0.0,"shrub_pixel_count":0,"split":"train","total_pixel_count":3612.490196078432,"tree_fraction":0.845669436649533,"tree_pixel_count":3054.9725490196083}},{"type":"Feature","geometry":{"geodesic":false,"crs":{"type":"name","properties":{"name":"EPSG:32635"}},"type":"Polygon","coordinates":[[[316500.0,5127000.0],[317000.0,5127000.0],[317000.0,5127500.0],[316500.0,5127500.0],[316500.0,5127000.0]]]},"id":"1_1_1_1_1_633,10254","properties":{"built_fraction":0.0,"built_pixel_count":0,"center_lat":46.274082508943295,"center_lon":24.621616867976698,"crop_fraction":0.1585412547196519,"crop_pixel_count":573.1999999999998,"dominant_class_name":"Tree cover","dominant_esa_code":10,"dominant_fraction":0.5153952033910988,"dominant_id":0,"dominant_pixel_count":1863.3921568627436,"grass_fraction":0.3260635418892493,"grass_pixel_count":1178.8705882352942,"ignored_pixel_count":0,"inside_fraction":1.0,"patch_group":"tree","patch_id":"A_24.62162_46.27408","rand_split":0.6370587766409458,"rand_train_tree":0.004551212500574331,"region_name":"A","selected_fraction":1.0,"selected_pixel_count":3615.462745098038,"shrub_fraction":0.0,"shrub_pixel_count":0,"split":"train","total_pixel_count":3615.462745098038,"tree_fraction":0.5153952033910988,"tree_pixel_count":1863.3921568627436}},{"type":"Feature","geometry":{"geodesic":false,"crs":{"type":"name","properties":{"name":"EPSG:32635"}},"type":"Polygon","coordinates":[[[340500.0,5137500.0],[341000.0,5137500.0],[341000.0,5138000.0],[340500.0,5138000.0],[340500.0,5137500.0]]]},"id":"1_1_1_1_1_681,10275","properties":{"built_fraction":0.0,"built_pixel_count":0,"center_lat":46.374573269521505,"center_lon":24.929327101220412,"crop_fraction":0.00258920414445854,"crop_pixel_count":9.380392156862744,"dominant_class_name":"Tree cover","dominant_esa_code":10,"dominant_fraction":0.8486343896535748,"dominant_id":0,"dominant_pixel_count":3074.5058823529407,"grass_fraction":0.1487764062019666,"grass_pixel_count":539.0,"ignored_pixel_count":0,"inside_fraction":1.0,"patch_group":"tree","patch_id":"A_24.92933_46.37457","rand_split":0.7444416688770892,"rand_train_tree":0.00668227615833028,"region_name":"A","selected_fraction":1.0,"selected_pixel_count":3622.8862745098036,"shrub_fraction":0.0,"shrub_pixel_count":0,"split":"train","total_pixel_count":3622.8862745098036,"tree_fraction":0.8486343896535748,"tree_pixel_count":3074.5058823529407}},{"type":"Feature","geometry":{"geodesic":false,"crs":{"type":"name","properties":{"name":"EPSG:32635"}},"type":"Polygon","coordinates":[[[306000.0,5129500.0],[306500.0,5129500.0],[306500.0,5130000.0],[306000.0,5130000.0],[306000.0,5129500.0]]]},"id":"1_1_1_1_1_612,10259","properties":{"built_fraction":0.0,"built_pixel_count":0,"center_lat":46.29364559326288,"center_lon":24.48443890045942,"crop_fraction":0.042250329106457,"crop_pixel_count":152.79607843137256,"dominant_class_name":"Tree cover","dominant_esa_code":10,"dominant_fraction":0.7230604406448101,"dominant_id":0,"dominant_pixel_count":2614.9098039215687,"grass_fraction":0.23413620127652096,"grass_pixel_count":846.7411764705881,"ignored_pixel_count":0,"inside_fraction":1.0,"patch_group":"tree","patch_id":"A_24.48444_46.29365","rand_split":0.04415249763286999,"rand_train_tree":0.006822697234362685,"region_name":"A","selected_fraction":1.0,"selected_pixel_count":3616.4470588235295,"shrub_fraction":5.530289722119207E-4,"shrub_pixel_count":2.0,"split":"train","total_pixel_count":3616.4470588235295,"tree_fraction":0.7230604406448101,"tree_pixel_count":2614.9098039215687}},{"type":"Feature","geometry":{"geodesic":false,"crs":{"type":"name","properties":{"name":"EPSG:32635"}},"type":"Polygon","coordinates":[[[304500.0,5122500.0],[305000.0,5122500.0],[305000.0,5123000.0],[304500.0,5123000.0],[304500.0,5122500.0]]]},"id":"1_1_1_1_1_609,10245","properties":{"built_fraction":0.0,"built_pixel_count":0,"center_lat":46.23027777727431,"center_lon":24.467883851148287,"crop_fraction":0.0,"crop_pixel_count":0,"dominant_class_name":"Tree cover","dominant_esa_code":10,"dominant_fraction":0.6936050513406767,"dominant_id":0,"dominant_pixel_count":2505.4156862745103,"grass_fraction":0.3063949486593232,"grass_pixel_count":1106.7490196078431,"ignored_pixel_count":0,"inside_fraction":1.0,"patch_group":"tree","patch_id":"A_24.46788_46.23028","rand_split":0.4995466909551626,"rand_train_tree":0.008680781694484052,"region_name":"A","selected_fraction":1.0,"selected_pixel_count":3612.1647058823537,"shrub_fraction":0.0,"shrub_pixel_count":0,"split":"train","total_pixel_count":3612.1647058823537,"tree_fraction":0.6936050513406767,"tree_pixel_count":2505.4156862745103}},{"type":"Feature","geometry":{"geodesic":false,"crs":{"type":"name","properties":{"name":"EPSG:32635"}},"type":"Polygon","coordinates":[[[313000.0,5118500.0],[313500.0,5118500.0],[313500.0,5119000.0],[313000.0,5119000.0],[313000.0,5118500.0]]]},"id":"1_1_1_1_1_626,10237","properties":{"built_fraction":0.0,"built_pixel_count":0,"center_lat":46.19669753522933,"center_lon":24.57959617369193,"crop_fraction":0.0,"crop_pixel_count":0,"dominant_class_name":"Tree cover","dominant_esa_code":10,"dominant_fraction":0.9818111316395723,"dominant_id":0,"dominant_pixel_count":3544.8117647058816,"grass_fraction":0.01818886836042765,"grass_pixel_count":65.67058823529412,"ignored_pixel_count":0,"inside_fraction":1.0,"patch_group":"tree","patch_id":"A_24.57960_46.19670","rand_split":0.8064947949212521,"rand_train_tree":0.008971299079928108,"region_name":"A","selected_fraction":1.0,"selected_pixel_count":3610.4823529411756,"shrub_fraction":0.0,"shrub_pixel_count":0,"split":"train","total_pixel_count":3610.4823529411756,"tree_fraction":0.9818111316395723,"tree_pixel_count":3544.8117647058816}},{"type":"Feature","geometry":{"geodesic":false,"crs":{"type":"name","properties":{"name":"EPSG:32635"}},"type":"Polygon","coordinates":[[[269500.0,5141500.0],[270000.0,5141500.0],[270000.0,5142000.0],[269500.0,5142000.0],[269500.0,5141500.0]]]},"id":"1_1_1_1_1_539,10283","properties":{"built_fraction":0.0,"built_pixel_count":0,"center_lat":46.390094571798265,"center_lon":24.005255779815652,"crop_fraction":0.16440501213399042,"crop_pixel_count":595.3647058823531,"dominant_class_name":"Tree cover","dominant_esa_code":10,"dominant_fraction":0.580763862041781,"dominant_id":0,"dominant_pixel_count":2103.137254901962,"grass_fraction":0.254554984140804,"grass_pixel_count":921.8274509803921,"ignored_pixel_count":0,"inside_fraction":1.0,"patch_group":"tree","patch_id":"A_24.00526_46.39009","rand_split":0.4990830271444552,"rand_train_tree":0.009343908167389503,"region_name":"A","selected_fraction":1.0,"selected_pixel_count":3621.329411764707,"shrub_fraction":2.761416834246766E-4,"shrub_pixel_count":1.0,"split":"train","total_pixel_count":3621.329411764707,"tree_fraction":0.580763862041781,"tree_pixel_count":2103.137254901962}},{"type":"Feature","geometry":{"geodesic":false,"crs":{"type":"name","properties":{"name":"EPSG:32635"}},"type":"Polygon","coordinates":[[[316000.0,5119000.0],[316500.0,5119000.0],[316500.0,5119500.0],[316000.0,5119500.0],[316000.0,5119000.0]]]},"id":"1_1_1_1_1_632,10238","properties":{"built_fraction":0.0,"built_pixel_count":0,"center_lat":46.20201000676711,"center_lon":24.618249421606688,"crop_fraction":0.007784831091538016,"crop_pixel_count":28.109803921568627,"dominant_class_name":"Tree cover","dominant_esa_code":10,"dominant_fraction":0.9133199024724007,"dominant_id":0,"dominant_pixel_count":3297.8549019607835,"grass_fraction":0.07889526643606133,"grass_pixel_count":284.878431372549,"ignored_pixel_count":0,"inside_fraction":1.0,"patch_group":"tree","patch_id":"A_24.61825_46.20201","rand_split":0.7338097987655767,"rand_train_tree":0.009450163719610494,"region_name":"A","selected_fraction":1.0,"selected_pixel_count":3610.843137254901,"shrub_fraction":0.0,"shrub_pixel_count":0,"split":"train","total_pixel_count":3610.843137254901,"tree_fraction":0.9133199024724007,"tree_pixel_count":3297.8549019607835}},{"type":"Feature","geometry":{"geodesic":false,"crs":{"type":"name","properties":{"name":"EPSG:32635"}},"type":"Polygon","coordinates":[[[292500.0,5125500.0],[293000.0,5125500.0],[293000.0,5126000.0],[292500.0,5126000.0],[292500.0,5125500.0]]]},"id":"1_1_1_1_1_585,10251","properties":{"built_fraction":0.0,"built_pixel_count":0,"center_lat":46.253696791139724,"center_lon":24.311111498769943,"crop_fraction":0.23989068547328016,"crop_pixel_count":866.7843137254903,"dominant_class_name":"Tree cover","dominant_esa_code":10,"dominant_fraction":0.7396084994432254,"dominant_id":0,"dominant_pixel_count":2672.388235294119,"grass_fraction":0.020500815083494498,"grass_pixel_count":74.07450980392157,"ignored_pixel_count":0,"inside_fraction":1.0,"patch_group":"tree","patch_id":"A_24.31111_46.25370","rand_split":0.41070739601205264,"rand_train_tree":0.009894641023707185,"region_name":"A","selected_fraction":1.0,"selected_pixel_count":3613.247058823531,"shrub_fraction":0.0,"shrub_pixel_count":0,"split":"train","total_pixel_count":3613.247058823531,"tree_fraction":0.7396084994432254,"tree_pixel_count":2672.388235294119}},{"type":"Feature","geometry":{"geodesic":false,"crs":{"type":"name","properties":{"name":"EPSG:32635"}},"type":"Polygon","coordinates":[[[311000.0,5136500.0],[311500.0,5136500.0],[311500.0,5137000.0],[311000.0,5137000.0],[311000.0,5136500.0]]]},"id":"1_1_1_1_1_622,10273","properties":{"built_fraction":0.0,"built_pixel_count":0,"center_lat":46.35799598976229,"center_lon":24.546481360906927,"crop_fraction":0.0742795436649557,"crop_pixel_count":268.94117647058823,"dominant_class_name":"Tree cover","dominant_esa_code":10,"dominant_fraction":0.5946327668317685,"dominant_id":0,"dominant_pixel_count":2152.9647058823534,"grass_fraction":0.3310876895032757,"grass_pixel_count":1198.7568627450976,"ignored_pixel_count":0,"inside_fraction":1.0,"patch_group":"tree","patch_id":"A_24.54648_46.35800","rand_split":0.5853928561681238,"rand_train_tree":0.010817228510978105,"region_name":"A","selected_fraction":1.0,"selected_pixel_count":3620.6627450980395,"shrub_fraction":0.0,"shrub_pixel_count":0,"split":"train","total_pixel_count":3620.6627450980395,"tree_fraction":0.5946327668317685,"tree_pixel_count":2152.9647058823534}},{"type":"Feature","geometry":{"geodesic":false,"crs":{"type":"name","properties":{"name":"EPSG:32635"}},"type":"Polygon","coordinates":[[[296500.0,5122500.0],[297000.0,5122500.0],[297000.0,5123000.0],[296500.0,5123000.0],[296500.0,5122500.0]]]},"id":"1_1_1_1_1_593,10245","properties":{"built_fraction":0.0,"built_pixel_count":0,"center_lat":46.227933825246424,"center_lon":24.364244435314134,"crop_fraction":0.032367867310310654,"crop_pixel_count":116.90588235294118,"dominant_class_name":"Tree cover","dominant_esa_code":10,"dominant_fraction":0.6917479364955278,"dominant_id":0,"dominant_pixel_count":2498.4470588235317,"grass_fraction":0.27588419619416144,"grass_pixel_count":996.4352941176473,"ignored_pixel_count":0,"inside_fraction":1.0,"patch_group":"tree","patch_id":"A_24.36424_46.22793","rand_split":0.10309352761868551,"rand_train_tree":0.011373222189118182,"region_name":"A","selected_fraction":1.0,"selected_pixel_count":3611.7882352941206,"shrub_fraction":0.0,"shrub_pixel_count":0,"split":"train","total_pixel_count":3611.7882352941206,"tree_fraction":0.6917479364955278,"tree_pixel_count":2498.4470588235317}},{"type":"Feature","geometry":{"geodesic":false,"crs":{"type":"name","properties":{"name":"EPSG:32635"}},"type":"Polygon","coordinates":[[[284000.0,5139000.0],[284500.0,5139000.0],[284500.0,5139500.0],[284000.0,5139500.0],[284000.0,5139000.0]]]},"id":"1_1_1_1_1_568,10278","properties":{"built_fraction":0.0,"built_pixel_count":0,"center_lat":46.37240370024681,"center_lon":24.194764251851343,"crop_fraction":0.034198429959016056,"crop_pixel_count":123.82352941176471,"dominant_class_name":"Tree cover","dominant_esa_code":10,"dominant_fraction":0.9562227603954562,"dominant_id":0,"dominant_pixel_count":3462.231372549018,"grass_fraction":0.009578809645527726,"grass_pixel_count":34.68235294117647,"ignored_pixel_count":0,"inside_fraction":1.0,"patch_group":"tree","patch_id":"A_24.19476_46.37240","rand_split":0.054737657868835776,"rand_train_tree":0.013922741710138076,"region_name":"A","selected_fraction":1.0,"selected_pixel_count":3620.737254901959,"shrub_fraction":0.0,"shrub_pixel_count":0,"split":"train","total_pixel_count":3620.737254901959,"tree_fraction":0.9562227603954562,"tree_pixel_count":3462.231372549018}},{"type":"Feature","geometry":{"geodesic":false,"crs":{"type":"name","properties":{"name":"EPSG:32635"}},"type":"Polygon","coordinates":[[[337500.0,5125000.0],[338000.0,5125000.0],[338000.0,5125500.0],[337500.0,5125500.0],[337500.0,5125000.0]]]},"id":"1_1_1_1_1_675,10250","properties":{"built_fraction":0.0,"built_pixel_count":0,"center_lat":46.26143865176723,"center_lon":24.894663749035697,"crop_fraction":0.0030427349685638273,"crop_pixel_count":11.0,"dominant_class_name":"Tree cover","dominant_esa_code":10,"dominant_fraction":0.9452112449938603,"dominant_id":0,"dominant_pixel_count":3417.0980392156885,"grass_fraction":0.05174602003757585,"grass_pixel_count":187.0705882352941,"ignored_pixel_count":0,"inside_fraction":1.0,"patch_group":"tree","patch_id":"A_24.89466_46.26144","rand_split":0.3793462032694678,"rand_train_tree":0.01436891928759687,"region_name":"A","selected_fraction":1.0,"selected_pixel_count":3615.1686274509825,"shrub_fraction":0.0,"shrub_pixel_count":0,"split":"train","total_pixel_count":3615.1686274509825,"tree_fraction":0.9452112449938603,"tree_pixel_count":3417.0980392156885}},{"type":"Feature","geometry":{"geodesic":false,"crs":{"type":"name","properties":{"name":"EPSG:32635"}},"type":"Polygon","coordinates":[[[284500.0,5141000.0],[285000.0,5141000.0],[285000.0,5141500.0],[284500.0,5141500.0],[284500.0,5141000.0]]]},"id":"1_1_1_1_1_569,10282","properties":{"built_fraction":0.0,"built_pixel_count":0,"center_lat":46.39054089957443,"center_lon":24.200337961656594,"crop_fraction":0.19718041469839573,"crop_pixel_count":714.1882352941176,"dominant_class_name":"Tree cover","dominant_esa_code":10,"dominant_fraction":0.6324513242046707,"dominant_id":0,"dominant_pixel_count":2290.7411764705885,"grass_fraction":0.17036826109693365,"grass_pixel_count":617.0745098039215,"ignored_pixel_count":0,"inside_fraction":1.0,"patch_group":"tree","patch_id":"A_24.20034_46.39054","rand_split":0.7133169947095023,"rand_train_tree":0.014510834692939012,"region_name":"A","selected_fraction":1.0,"selected_pixel_count":3622.0039215686274,"shrub_fraction":0.0,"shrub_pixel_count":0,"split":"train","total_pixel_count":3622.0039215686274,"tree_fraction":0.6324513242046707,"tree_pixel_count":2290.7411764705885}},{"type":"Feature","geometry":{"geodesic":false,"crs":{"type":"name","properties":{"name":"EPSG:32635"}},"type":"Polygon","coordinates":[[[318500.0,5126500.0],[319000.0,5126500.0],[319000.0,5127000.0],[318500.0,5127000.0],[318500.0,5126500.0]]]},"id":"1_1_1_1_1_637,10253","properties":{"built_fraction":0.0,"built_pixel_count":0,"center_lat":46.270123212400414,"center_lon":24.647744788744067,"crop_fraction":0.006638586458368369,"crop_pixel_count":24.0,"dominant_class_name":"Tree cover","dominant_esa_code":10,"dominant_fraction":0.6906592268216247,"dominant_id":0,"dominant_pixel_count":2496.8901960784283,"grass_fraction":0.3027021867200069,"grass_pixel_count":1094.3372549019603,"ignored_pixel_count":0,"inside_fraction":1.0,"patch_group":"tree","patch_id":"A_24.64774_46.27012","rand_split":0.6404634437262609,"rand_train_tree":0.016023041694791185,"region_name":"A","selected_fraction":1.0,"selected_pixel_count":3615.2274509803883,"shrub_fraction":0.0,"shrub_pixel_count":0,"split":"train","total_pixel_count":3615.2274509803883,"tree_fraction":0.6906592268216247,"tree_pixel_count":2496.8901960784283}},{"type":"Feature","geometry":{"geodesic":false,"crs":{"type":"name","properties":{"name":"EPSG:32635"}},"type":"Polygon","coordinates":[[[279000.0,5129500.0],[279500.0,5129500.0],[279500.0,5130000.0],[279000.0,5130000.0],[279000.0,5129500.0]]]},"id":"1_1_1_1_1_558,10259","properties":{"built_fraction":0.0,"built_pixel_count":0,"center_lat":46.285400088126785,"center_lon":24.134301538079153,"crop_fraction":0.25633017132144903,"crop_pixel_count":926.5843137254901,"dominant_class_name":"Tree cover","dominant_esa_code":10,"dominant_fraction":0.5376110898960269,"dominant_id":0,"dominant_pixel_count":1943.3607843137256,"grass_fraction":0.20605873878252412,"grass_pixel_count":744.862745098039,"ignored_pixel_count":0,"inside_fraction":1.0,"patch_group":"tree","patch_id":"A_24.13430_46.28540","rand_split":0.6613436763210946,"rand_train_tree":0.016111313499076352,"region_name":"A","selected_fraction":1.0,"selected_pixel_count":3614.8078431372546,"shrub_fraction":0.0,"shrub_pixel_count":0,"split":"train","total_pixel_count":3614.8078431372546,"tree_fraction":0.5376110898960269,"tree_pixel_count":1943.3607843137256}},{"type":"Feature","geometry":{"geodesic":false,"crs":{"type":"name","properties":{"name":"EPSG:32635"}},"type":"Polygon","coordinates":[[[314000.0,5120500.0],[314500.0,5120500.0],[314500.0,5121000.0],[314000.0,5121000.0],[314000.0,5120500.0]]]},"id":"1_1_1_1_1_628,10241","properties":{"built_fraction":8.306486551635403E-4,"built_pixel_count":3.0,"center_lat":46.2149552378949,"center_lon":24.591758980612695,"crop_fraction":0.07133697515763324,"crop_pixel_count":257.64313725490194,"dominant_class_name":"Tree cover","dominant_esa_code":10,"dominant_fraction":0.6660173491558329,"dominant_id":0,"dominant_pixel_count":2405.4117647058815,"grass_fraction":0.26181502703137033,"grass_pixel_count":945.5803921568627,"ignored_pixel_count":0,"inside_fraction":1.0,"patch_group":"tree","patch_id":"A_24.59176_46.21496","rand_split":0.15075649672251135,"rand_train_tree":0.01678963047219173,"region_name":"A","selected_fraction":1.0,"selected_pixel_count":3611.635294117646,"shrub_fraction":0.0,"shrub_pixel_count":0,"split":"train","total_pixel_count":3611.635294117646,"tree_fraction":0.6660173491558329,"tree_pixel_count":2405.4117647058815}},{"type":"Feature","geometry":{"geodesic":false,"crs":{"type":"name","properties":{"name":"EPSG:32635"}},"type":"Polygon","coordinates":[[[336000.0,5138500.0],[336500.0,5138500.0],[336500.0,5139000.0],[336000.0,5139000.0],[336000.0,5138500.0]]]},"id":"1_1_1_1_1_672,10277","properties":{"built_fraction":0.0,"built_pixel_count":0,"center_lat":46.38249260964924,"center_lon":24.870505922788908,"crop_fraction":0.0,"crop_pixel_count":0,"dominant_class_name":"Tree cover","dominant_esa_code":10,"dominant_fraction":0.9301094995189034,"dominant_id":0,"dominant_pixel_count":3370.0274509803935,"grass_fraction":0.06989050048109652,"grass_pixel_count":253.23137254901965,"ignored_pixel_count":0,"inside_fraction":1.0,"patch_group":"tree","patch_id":"A_24.87051_46.38249","rand_split":0.8095460964439176,"rand_train_tree":0.01850647796987781,"region_name":"A","selected_fraction":1.0,"selected_pixel_count":3623.2588235294133,"shrub_fraction":0.0,"shrub_pixel_count":0,"split":"train","total_pixel_count":3623.2588235294133,"tree_fraction":0.9301094995189034,"tree_pixel_count":3370.0274509803935}},{"type":"Feature","geometry":{"geodesic":false,"crs":{"type":"name","properties":{"name":"EPSG:32635"}},"type":"Polygon","coordinates":[[[294000.0,5119500.0],[294500.0,5119500.0],[294500.0,5120000.0],[294000.0,5120000.0],[294000.0,5119500.0]]]},"id":"1_1_1_1_1_588,10239","properties":{"built_fraction":0.0,"built_pixel_count":0,"center_lat":46.200211375022256,"center_lon":24.333166540739747,"crop_fraction":0.005314462573342737,"crop_pixel_count":19.1843137254902,"dominant_class_name":"Tree cover","dominant_esa_code":10,"dominant_fraction":0.5929015205750744,"dominant_id":0,"dominant_pixel_count":2140.2745098039204,"grass_fraction":0.40178401685158305,"grass_pixel_count":1450.3725490196077,"ignored_pixel_count":0,"inside_fraction":1.0,"patch_group":"tree","patch_id":"A_24.33317_46.20021","rand_split":0.7705533181937247,"rand_train_tree":0.018836543621075896,"region_name":"A","selected_fraction":1.0,"selected_pixel_count":3609.831372549018,"shrub_fraction":0.0,"shrub_pixel_count":0,"split":"train","total_pixel_count":3609.831372549018,"tree_fraction":0.5929015205750744,"tree_pixel_count":2140.2745098039204}},{"type":"Feature","geometry":{"geodesic":false,"crs":{"type":"name","properties":{"name":"EPSG:32635"}},"type":"Polygon","coordinates":[[[340000.0,5139500.0],[340500.0,5139500.0],[340500.0,5140000.0],[340000.0,5140000.0],[340000.0,5139500.0]]]},"id":"1_1_1_1_1_680,10279","properties":{"built_fraction":0.0,"built_pixel_count":0,"center_lat":46.39244301847378,"center_lon":24.922147496030718,"crop_fraction":0.005518739909362809,"crop_pixel_count":20.0,"dominant_class_name":"Tree cover","dominant_esa_code":10,"dominant_fraction":0.742452311594548,"dominant_id":0,"dominant_pixel_count":2690.658823529414,"grass_fraction":0.2520289484960891,"grass_pixel_count":913.356862745098,"ignored_pixel_count":0,"inside_fraction":1.0,"patch_group":"tree","patch_id":"A_24.92215_46.39244","rand_split":0.6145750890021972,"rand_train_tree":0.02046650777693837,"region_name":"A","selected_fraction":1.0,"selected_pixel_count":3624.015686274512,"shrub_fraction":0.0,"shrub_pixel_count":0,"split":"train","total_pixel_count":3624.015686274512,"tree_fraction":0.742452311594548,"tree_pixel_count":2690.658823529414}},{"type":"Feature","geometry":{"geodesic":false,"crs":{"type":"name","properties":{"name":"EPSG:32635"}},"type":"Polygon","coordinates":[[[278500.0,5120000.0],[279000.0,5120000.0],[279000.0,5120500.0],[278500.0,5120500.0],[278500.0,5120000.0]]]},"id":"1_1_1_1_1_557,10240","properties":{"built_fraction":0.0,"built_pixel_count":0,"center_lat":46.19984506869717,"center_lon":24.13227535176957,"crop_fraction":0.006824407061050249,"crop_pixel_count":24.631372549019606,"dominant_class_name":"Tree cover","dominant_esa_code":10,"dominant_fraction":0.760450382616613,"dominant_id":0,"dominant_pixel_count":2744.6980392156856,"grass_fraction":0.23272521032233676,"grass_pixel_count":839.9764705882353,"ignored_pixel_count":0,"inside_fraction":1.0,"patch_group":"tree","patch_id":"A_24.13228_46.19985","rand_split":0.011682214266428681,"rand_train_tree":0.020845965887905438,"region_name":"A","selected_fraction":1.0,"selected_pixel_count":3609.3058823529404,"shrub_fraction":0.0,"shrub_pixel_count":0,"split":"train","total_pixel_count":3609.3058823529404,"tree_fraction":0.760450382616613,"tree_pixel_count":2744.6980392156856}},{"type":"Feature","geometry":{"geodesic":false,"crs":{"type":"name","properties":{"name":"EPSG:32635"}},"type":"Polygon","coordinates":[[[311000.0,5117500.0],[311500.0,5117500.0],[311500.0,5118000.0],[311000.0,5118000.0],[311000.0,5117500.0]]]},"id":"1_1_1_1_1_622,10235","properties":{"built_fraction":0.0,"built_pixel_count":0,"center_lat":46.18715414628731,"center_lon":24.55409784788648,"crop_fraction":0.0,"crop_pixel_count":0,"dominant_class_name":"Tree cover","dominant_esa_code":10,"dominant_fraction":1.0,"dominant_id":0,"dominant_pixel_count":3609.772549019609,"grass_fraction":0.0,"grass_pixel_count":0,"ignored_pixel_count":0,"inside_fraction":0.9788475565795843,"patch_group":"tree","patch_id":"A_24.55410_46.18715","rand_split":0.3354370879413153,"rand_train_tree":0.020864112995098494,"region_name":"A","selected_fraction":1.0,"selected_pixel_count":3609.772549019609,"shrub_fraction":0.0,"shrub_pixel_count":0,"split":"train","total_pixel_count":3609.772549019609,"tree_fraction":1.0,"tree_pixel_count":3609.772549019609}},{"type":"Feature","geometry":{"geodesic":false,"crs":{"type":"name","properties":{"name":"EPSG:32635"}},"type":"Polygon","coordinates":[[[320500.0,5123500.0],[321000.0,5123500.0],[321000.0,5124000.0],[320500.0,5124000.0],[320500.0,5123500.0]]]},"id":"1_1_1_1_1_641,10247","properties":{"built_fraction":0.0,"built_pixel_count":0,"center_lat":46.24367657508526,"center_lon":24.67482002506967,"crop_fraction":0.0,"crop_pixel_count":0,"dominant_class_name":"Tree cover","dominant_esa_code":10,"dominant_fraction":0.9475668965098134,"dominant_id":0,"dominant_pixel_count":3424.239215686274,"grass_fraction":0.05243310349018664,"grass_pixel_count":189.47843137254904,"ignored_pixel_count":0,"inside_fraction":1.0,"patch_group":"tree","patch_id":"A_24.67482_46.24368","rand_split":0.36146232475442897,"rand_train_tree":0.022037430982984274,"region_name":"A","selected_fraction":1.0,"selected_pixel_count":3613.717647058823,"shrub_fraction":0.0,"shrub_pixel_count":0,"split":"train","total_pixel_count":3613.717647058823,"tree_fraction":0.9475668965098134,"tree_pixel_count":3424.239215686274}},{"type":"Feature","geometry":{"geodesic":false,"crs":{"type":"name","properties":{"name":"EPSG:32635"}},"type":"Polygon","coordinates":[[[313000.0,5131500.0],[313500.0,5131500.0],[313500.0,5132000.0],[313000.0,5132000.0],[313000.0,5131500.0]]]},"id":"1_1_1_1_1_626,10263","properties":{"built_fraction":0.0,"built_pixel_count":0,"center_lat":46.313592004299494,"center_lon":24.574444859116102,"crop_fraction":0.0,"crop_pixel_count":0,"dominant_class_name":"Tree cover","dominant_esa_code":10,"dominant_fraction":0.9271560217732023,"dominant_id":0,"dominant_pixel_count":3354.494117647059,"grass_fraction":0.0728439782267977,"grass_pixel_count":263.5529411764706,"ignored_pixel_count":0,"inside_fraction":1.0,"patch_group":"tree","patch_id":"A_24.57444_46.31359","rand_split":0.29254757041681356,"rand_train_tree":0.022450893888873003,"region_name":"A","selected_fraction":1.0,"selected_pixel_count":3618.0470588235294,"shrub_fraction":0.0,"shrub_pixel_count":0,"split":"train","total_pixel_count":3618.0470588235294,"tree_fraction":0.9271560217732023,"tree_pixel_count":3354.494117647059}},{"type":"Feature","geometry":{"geodesic":false,"crs":{"type":"name","properties":{"name":"EPSG:32635"}},"type":"Polygon","coordinates":[[[293000.0,5130500.0],[293500.0,5130500.0],[293500.0,5131000.0],[293000.0,5131000.0],[293000.0,5130500.0]]]},"id":"1_1_1_1_2_586,10261","properties":{"built_fraction":0.0,"built_pixel_count":0,"center_lat":46.29879922751817,"center_lon":24.31539555404981,"crop_fraction":0.0,"crop_pixel_count":0,"dominant_class_name":"Grassland","dominant_esa_code":30,"dominant_fraction":0.7690842074557317,"dominant_id":2,"dominant_pixel_count":2781.25882352941,"grass_fraction":0.7690842074557317,"grass_pixel_count":2781.25882352941,"ignored_pixel_count":0,"inside_fraction":1.0,"patch_group":"grassland","patch_id":"A_24.31540_46.29880","rand_split":0.7320713490215115,"rand_train_grassland":6.307293876064435E-4,"region_name":"A","selected_fraction":1.0,"selected_pixel_count":3616.3254901960768,"shrub_fraction":0.0,"shrub_pixel_count":0,"split":"train","total_pixel_count":3616.3254901960768,"tree_fraction":0.2309157925442683,"tree_pixel_count":835.0666666666666}},{"type":"Feature","geometry":{"geodesic":false,"crs":{"type":"name","properties":{"name":"EPSG:32635"}},"type":"Polygon","coordinates":[[[335000.0,5133500.0],[335500.0,5133500.0],[335500.0,5134000.0],[335000.0,5134000.0],[335000.0,5133500.0]]]},"id":"1_1_1_1_2_670,10267","properties":{"built_fraction":0.0,"built_pixel_count":0,"center_lat":46.33728237030884,"center_lon":24.85926831301811,"crop_fraction":0.0,"crop_pixel_count":0,"dominant_class_name":"Grassland","dominant_esa_code":30,"dominant_fraction":0.6280330077904975,"dominant_id":2,"dominant_pixel_count":2273.666666666668,"grass_fraction":0.6280330077904975,"grass_pixel_count":2273.666666666668,"ignored_pixel_count":0,"inside_fraction":1.0,"patch_group":"grassland","patch_id":"A_24.85927_46.33728","rand_split":0.2338050280056433,"rand_train_grassland":9.043606456128339E-4,"region_name":"A","selected_fraction":1.0,"selected_pixel_count":3620.298039215686,"shrub_fraction":0.0,"shrub_pixel_count":0,"split":"train","total_pixel_count":3620.298039215686,"tree_fraction":0.3719669922095025,"tree_pixel_count":1346.6313725490184}},{"type":"Feature","geometry":{"geodesic":false,"crs":{"type":"name","properties":{"name":"EPSG:32635"}},"type":"Polygon","coordinates":[[[261000.0,5139000.0],[261500.0,5139000.0],[261500.0,5139500.0],[261000.0,5139500.0],[261000.0,5139000.0]]]},"id":"1_1_1_1_2_522,10278","properties":{"built_fraction":0.0,"built_pixel_count":0,"center_lat":46.364681317814025,"center_lon":23.896137200675017,"crop_fraction":0.018464342289747474,"crop_pixel_count":66.82745098039216,"dominant_class_name":"Grassland","dominant_esa_code":30,"dominant_fraction":0.9790489688096615,"dominant_id":2,"dominant_pixel_count":3543.4431372549016,"grass_fraction":0.9790489688096615,"grass_pixel_count":3543.4431372549016,"ignored_pixel_count":0,"inside_fraction":1.0,"patch_group":"grassland","patch_id":"A_23.89614_46.36468","rand_split":0.12533295978415637,"rand_train_grassland":0.0013159656150470989,"region_name":"A","selected_fraction":1.0,"selected_pixel_count":3619.270588235294,"shrub_fraction":0.0,"shrub_pixel_count":0,"split":"train","total_pixel_count":3619.270588235294,"tree_fraction":0.0024866889005909546,"tree_pixel_count":9.0}},{"type":"Feature","geometry":{"geodesic":false,"crs":{"type":"name","properties":{"name":"EPSG:32635"}},"type":"Polygon","coordinates":[[[258500.0,5132500.0],[259000.0,5132500.0],[259000.0,5133000.0],[258500.0,5133000.0],[258500.0,5132500.0]]]},"id":"1_1_1_1_2_517,10265","properties":{"built_fraction":0.006361750962126701,"built_pixel_count":23.0,"center_lat":46.30538386906091,"center_lon":23.8670260168786,"crop_fraction":0.18857032527909265,"crop_pixel_count":681.7490196078431,"dominant_class_name":"Grassland","dominant_esa_code":30,"dominant_fraction":0.75851812963437,"dominant_id":2,"dominant_pixel_count":2742.3137254901962,"grass_fraction":0.75851812963437,"grass_pixel_count":2742.3137254901962,"ignored_pixel_count":0,"inside_fraction":1.0,"patch_group":"grassland","patch_id":"A_23.86703_46.30538","rand_split":0.30086871300555973,"rand_train_grassland":0.0020011735447491574,"region_name":"A","selected_fraction":1.0,"selected_pixel_count":3615.3568627450986,"shrub_fraction":0.0,"shrub_pixel_count":0,"split":"train","total_pixel_count":3615.3568627450986,"tree_fraction":0.04654979412441045,"tree_pixel_count":168.2941176470588}},{"type":"Feature","geometry":{"geodesic":false,"crs":{"type":"name","properties":{"name":"EPSG:32635"}},"type":"Polygon","coordinates":[[[283500.0,5139500.0],[284000.0,5139500.0],[284000.0,5140000.0],[283500.0,5140000.0],[283500.0,5139500.0]]]},"id":"1_1_1_1_2_567,10279","properties":{"built_fraction":0.0,"built_pixel_count":0,"center_lat":46.37673855551672,"center_lon":24.188040216839884,"crop_fraction":0.08210438306642451,"crop_pixel_count":297.29803921568623,"dominant_class_name":"Grassland","dominant_esa_code":30,"dominant_fraction":0.5658846221742808,"dominant_id":2,"dominant_pixel_count":2049.054901960784,"grass_fraction":0.5658846221742808,"grass_pixel_count":2049.054901960784,"ignored_pixel_count":0,"inside_fraction":1.0,"patch_group":"grassland","patch_id":"A_24.18804_46.37674","rand_split":0.42973129337056404,"rand_train_grassland":0.002025432366910329,"region_name":"A","selected_fraction":1.0,"selected_pixel_count":3620.9764705882344,"shrub_fraction":0.0,"shrub_pixel_count":0,"split":"train","total_pixel_count":3620.9764705882344,"tree_fraction":0.35201099475929465,"tree_pixel_count":1274.6235294117641}},{"type":"Feature","geometry":{"geodesic":false,"crs":{"type":"name","properties":{"name":"EPSG:32635"}},"type":"Polygon","coordinates":[[[322500.0,5133500.0],[323000.0,5133500.0],[323000.0,5134000.0],[322500.0,5134000.0],[322500.0,5133500.0]]]},"id":"1_1_1_1_2_645,10267","properties":{"built_fraction":0.0,"built_pixel_count":0,"center_lat":46.33412729141318,"center_lon":24.69697425097608,"crop_fraction":0.09732433644714007,"crop_pixel_count":352.2705882352941,"dominant_class_name":"Grassland","dominant_esa_code":30,"dominant_fraction":0.5232105362378194,"dominant_id":2,"dominant_pixel_count":1893.788235294117,"grass_fraction":0.5232105362378194,"grass_pixel_count":1893.788235294117,"ignored_pixel_count":0,"inside_fraction":1.0,"patch_group":"grassland","patch_id":"A_24.69697_46.33413","rand_split":0.7216375428243356,"rand_train_grassland":0.003724082911746196,"region_name":"A","selected_fraction":1.0,"selected_pixel_count":3619.552941176469,"shrub_fraction":0.0,"shrub_pixel_count":0,"split":"train","total_pixel_count":3619.552941176469,"tree_fraction":0.3794651273150406,"tree_pixel_count":1373.4941176470586}},{"type":"Feature","geometry":{"geodesic":false,"crs":{"type":"name","properties":{"name":"EPSG:32635"}},"type":"Polygon","coordinates":[[[281500.0,5141000.0],[282000.0,5141000.0],[282000.0,5141500.0],[281500.0,5141500.0],[281500.0,5141000.0]]]},"id":"1_1_1_1_2_563,10282","properties":{"built_fraction":0.0,"built_pixel_count":0,"center_lat":46.38957941726138,"center_lon":24.16136665376143,"crop_fraction":0.0016208947078924694,"crop_pixel_count":5.870588235294118,"dominant_class_name":"Grassland","dominant_esa_code":30,"dominant_fraction":0.9983791052921075,"dominant_id":2,"dominant_pixel_count":3615.949019607842,"grass_fraction":0.9983791052921075,"grass_pixel_count":3615.949019607842,"ignored_pixel_count":0,"inside_fraction":1.0,"patch_group":"grassland","patch_id":"A_24.16137_46.38958","rand_split":0.5119509416667325,"rand_train_grassland":0.003980302213680509,"region_name":"A","selected_fraction":1.0,"selected_pixel_count":3621.819607843136,"shrub_fraction":0.0,"shrub_pixel_count":0,"split":"train","total_pixel_count":3621.819607843136,"tree_fraction":0.0,"tree_pixel_count":0}},{"type":"Feature","geometry":{"geodesic":false,"crs":{"type":"name","properties":{"name":"EPSG:32635"}},"type":"Polygon","coordinates":[[[264000.0,5140000.0],[264500.0,5140000.0],[264500.0,5140500.0],[264000.0,5140500.0],[264000.0,5140000.0]]]},"id":"1_1_1_1_2_528,10280","properties":{"built_fraction":0.0,"built_pixel_count":0,"center_lat":46.37471961283746,"center_lon":23.934578314173145,"crop_fraction":0.0,"crop_pixel_count":0,"dominant_class_name":"Grassland","dominant_esa_code":30,"dominant_fraction":0.9913088034249142,"dominant_id":2,"dominant_pixel_count":3588.6078431372553,"grass_fraction":0.9913088034249142,"grass_pixel_count":3588.6078431372553,"ignored_pixel_count":0,"inside_fraction":1.0,"patch_group":"grassland","patch_id":"A_23.93458_46.37472","rand_split":0.7155170751263774,"rand_train_grassland":0.005855881935202367,"region_name":"A","selected_fraction":1.0,"selected_pixel_count":3620.0705882352945,"shrub_fraction":0.0,"shrub_pixel_count":0,"split":"train","total_pixel_count":3620.0705882352945,"tree_fraction":0.008691196575085741,"tree_pixel_count":31.462745098039214}},{"type":"Feature","geometry":{"geodesic":false,"crs":{"type":"name","properties":{"name":"EPSG:32635"}},"type":"Polygon","coordinates":[[[324500.0,5137500.0],[325000.0,5137500.0],[325000.0,5138000.0],[324500.0,5138000.0],[324500.0,5137500.0]]]},"id":"1_1_1_1_2_649,10275","properties":{"built_fraction":0.002870103717818246,"built_pixel_count":10.39607843137255,"center_lat":46.37061823094184,"center_lon":24.721444276916454,"crop_fraction":0.23232899551783132,"crop_pixel_count":841.5411764705883,"dominant_class_name":"Grassland","dominant_esa_code":30,"dominant_fraction":0.7039917285581273,"dominant_id":2,"dominant_pixel_count":2549.996078431371,"grass_fraction":0.7039917285581273,"grass_pixel_count":2549.996078431371,"ignored_pixel_count":0,"inside_fraction":1.0,"patch_group":"grassland","patch_id":"A_24.72144_46.37062","rand_split":0.6098334128326655,"rand_train_grassland":0.0062091027746593586,"region_name":"A","selected_fraction":1.0,"selected_pixel_count":3622.1960784313715,"shrub_fraction":0.0,"shrub_pixel_count":0,"split":"train","total_pixel_count":3622.1960784313715,"tree_fraction":0.06080917220622308,"tree_pixel_count":220.2627450980392}},{"type":"Feature","geometry":{"geodesic":false,"crs":{"type":"name","properties":{"name":"EPSG:32635"}},"type":"Polygon","coordinates":[[[268500.0,5143500.0],[269000.0,5143500.0],[269000.0,5144000.0],[268500.0,5144000.0],[268500.0,5143500.0]]]},"id":"1_1_1_1_2_537,10287","properties":{"built_fraction":0.0,"built_pixel_count":0,"center_lat":46.407727982868494,"center_lon":23.991278762645646,"crop_fraction":0.003036558869728919,"crop_pixel_count":11.0,"dominant_class_name":"Grassland","dominant_esa_code":30,"dominant_fraction":0.6524671905497527,"dominant_id":2,"dominant_pixel_count":2363.576470588235,"grass_fraction":0.6524671905497527,"grass_pixel_count":2363.576470588235,"ignored_pixel_count":0,"inside_fraction":1.0,"patch_group":"grassland","patch_id":"A_23.99128_46.40773","rand_split":0.10613398143929142,"rand_train_grassland":0.006937571345559501,"region_name":"A","selected_fraction":1.0,"selected_pixel_count":3622.52156862745,"shrub_fraction":0.0,"shrub_pixel_count":0,"split":"train","total_pixel_count":3622.52156862745,"tree_fraction":0.34449625058051847,"tree_pixel_count":1247.9450980392148}},{"type":"Feature","geometry":{"geodesic":false,"crs":{"type":"name","properties":{"name":"EPSG:32635"}},"type":"Polygon","coordinates":[[[308000.0,5125000.0],[308500.0,5125000.0],[308500.0,5125500.0],[308000.0,5125500.0],[308000.0,5125000.0]]]},"id":"1_1_1_1_2_616,10250","properties":{"built_fraction":0.0,"built_pixel_count":0,"center_lat":46.253752411095405,"center_lon":24.51221363539395,"crop_fraction":0.07719276543659997,"crop_pixel_count":278.9764705882354,"dominant_class_name":"Grassland","dominant_esa_code":30,"dominant_fraction":0.535212505533998,"dominant_id":2,"dominant_pixel_count":1934.2705882352923,"grass_fraction":0.535212505533998,"grass_pixel_count":1934.2705882352923,"ignored_pixel_count":0,"inside_fraction":1.0,"patch_group":"grassland","patch_id":"A_24.51221_46.25375","rand_split":0.755351210514675,"rand_train_grassland":0.008009614283656985,"region_name":"A","selected_fraction":1.0,"selected_pixel_count":3614.023529411763,"shrub_fraction":0.0,"shrub_pixel_count":0,"split":"train","total_pixel_count":3614.023529411763,"tree_fraction":0.387594729029402,"tree_pixel_count":1400.7764705882353}},{"type":"Feature","geometry":{"geodesic":false,"crs":{"type":"name","properties":{"name":"EPSG:32635"}},"type":"Polygon","coordinates":[[[288500.0,5121000.0],[289000.0,5121000.0],[289000.0,5121500.0],[288500.0,5121500.0],[288500.0,5121000.0]]]},"id":"1_1_1_1_2_577,10242","properties":{"built_fraction":0.0,"built_pixel_count":0,"center_lat":46.21201147833757,"center_lon":24.261289170273514,"crop_fraction":0.1275111873832385,"crop_pixel_count":460.38039215686274,"dominant_class_name":"Grassland","dominant_esa_code":30,"dominant_fraction":0.814448016683321,"dominant_id":2,"dominant_pixel_count":2940.572549019607,"grass_fraction":0.814448016683321,"grass_pixel_count":2940.572549019607,"ignored_pixel_count":0,"inside_fraction":1.0,"patch_group":"grassland","patch_id":"A_24.26129_46.21201","rand_split":0.23683899239746364,"rand_train_grassland":0.008692759630544722,"region_name":"A","selected_fraction":1.0,"selected_pixel_count":3610.5098039215677,"shrub_fraction":0.0,"shrub_pixel_count":0,"split":"train","total_pixel_count":3610.5098039215677,"tree_fraction":0.05804079593344051,"tree_pixel_count":209.55686274509802}},{"type":"Feature","geometry":{"geodesic":false,"crs":{"type":"name","properties":{"name":"EPSG:32635"}},"type":"Polygon","coordinates":[[[272000.0,5136500.0],[272500.0,5136500.0],[272500.0,5137000.0],[272000.0,5137000.0],[272000.0,5136500.0]]]},"id":"1_1_1_1_2_544,10273","properties":{"built_fraction":0.0,"built_pixel_count":0,"center_lat":46.34600242785156,"center_lon":24.040158056816043,"crop_fraction":0.09875716354115187,"crop_pixel_count":357.35686274509806,"dominant_class_name":"Grassland","dominant_esa_code":30,"dominant_fraction":0.8924688532265197,"dominant_id":2,"dominant_pixel_count":3229.435294117648,"grass_fraction":0.8924688532265197,"grass_pixel_count":3229.435294117648,"ignored_pixel_count":0,"inside_fraction":1.0,"patch_group":"grassland","patch_id":"A_24.04016_46.34600","rand_split":0.731274617638526,"rand_train_grassland":0.008765990329580808,"region_name":"A","selected_fraction":1.0,"selected_pixel_count":3618.541176470589,"shrub_fraction":0.0,"shrub_pixel_count":0,"split":"train","total_pixel_count":3618.541176470589,"tree_fraction":0.008773983232328484,"tree_pixel_count":31.749019607843135}},{"type":"Feature","geometry":{"geodesic":false,"crs":{"type":"name","properties":{"name":"EPSG:32635"}},"type":"Polygon","coordinates":[[[332000.0,5123000.0],[332500.0,5123000.0],[332500.0,5123500.0],[332000.0,5123500.0],[332000.0,5123000.0]]]},"id":"1_1_1_1_2_664,10246","properties":{"built_fraction":0.0,"built_pixel_count":0,"center_lat":46.242115692494366,"center_lon":24.8240596311655,"crop_fraction":0.2366951550875488,"crop_pixel_count":855.3921568627452,"dominant_class_name":"Grassland","dominant_esa_code":30,"dominant_fraction":0.554815613795977,"dominant_id":2,"dominant_pixel_count":2005.0470588235282,"grass_fraction":0.554815613795977,"grass_pixel_count":2005.0470588235282,"ignored_pixel_count":6.309803921568627,"inside_fraction":1.0,"patch_group":"grassland","patch_id":"A_24.82406_46.24212","rand_split":0.6106737321829041,"rand_train_grassland":0.009217403968276972,"region_name":"A","selected_fraction":0.9982540171711822,"selected_pixel_count":3607.5882352941167,"shrub_fraction":0.0,"shrub_pixel_count":0,"split":"train","total_pixel_count":3613.8980392156855,"tree_fraction":0.20674324828765644,"tree_pixel_count":747.1490196078432}},{"type":"Feature","geometry":{"geodesic":false,"crs":{"type":"name","properties":{"name":"EPSG:32635"}},"type":"Polygon","coordinates":[[[272500.0,5135500.0],[273000.0,5135500.0],[273000.0,5136000.0],[272500.0,5136000.0],[272500.0,5135500.0]]]},"id":"1_1_1_1_2_545,10271","properties":{"built_fraction":0.0,"built_pixel_count":0,"center_lat":46.33718252508576,"center_lon":24.047131621004493,"crop_fraction":0.11381025518183992,"crop_pixel_count":411.76862745098043,"dominant_class_name":"Grassland","dominant_esa_code":30,"dominant_fraction":0.817247400544333,"dominant_id":2,"dominant_pixel_count":2956.8235294117662,"grass_fraction":0.817247400544333,"grass_pixel_count":2956.8235294117662,"ignored_pixel_count":0,"inside_fraction":1.0,"patch_group":"grassland","patch_id":"A_24.04713_46.33718","rand_split":0.15926609180527806,"rand_train_grassland":0.009239106003669617,"region_name":"A","selected_fraction":1.0,"selected_pixel_count":3618.027450980394,"shrub_fraction":0.0,"shrub_pixel_count":0,"split":"train","total_pixel_count":3618.027450980394,"tree_fraction":0.06894234427382699,"tree_pixel_count":249.43529411764703}},{"type":"Feature","geometry":{"geodesic":false,"crs":{"type":"name","properties":{"name":"EPSG:32635"}},"type":"Polygon","coordinates":[[[303000.0,5124500.0],[303500.0,5124500.0],[303500.0,5125000.0],[303000.0,5125000.0],[303000.0,5124500.0]]]},"id":"1_1_1_1_2_606,10249","properties":{"built_fraction":0.0,"built_pixel_count":0,"center_lat":46.247827490497095,"center_lon":24.447616286200752,"crop_fraction":0.009963240201999813,"crop_pixel_count":36.0,"dominant_class_name":"Grassland","dominant_esa_code":30,"dominant_fraction":0.942252278358605,"dominant_id":2,"dominant_pixel_count":3404.6235294117646,"grass_fraction":0.942252278358605,"grass_pixel_count":3404.6235294117646,"ignored_pixel_count":0,"inside_fraction":1.0,"patch_group":"grassland","patch_id":"A_24.44762_46.24783","rand_split":0.7172481665451744,"rand_train_grassland":0.009441746681554952,"region_name":"A","selected_fraction":1.0,"selected_pixel_count":3613.282352941176,"shrub_fraction":0.0,"shrub_pixel_count":0,"split":"train","total_pixel_count":3613.282352941176,"tree_fraction":0.047784481439395184,"tree_pixel_count":172.6588235294118}},{"type":"Feature","geometry":{"geodesic":false,"crs":{"type":"name","properties":{"name":"EPSG:32635"}},"type":"Polygon","coordinates":[[[271000.0,5131500.0],[271500.0,5131500.0],[271500.0,5132000.0],[271000.0,5132000.0],[271000.0,5131500.0]]]},"id":"1_1_1_1_2_542,10263","properties":{"built_fraction":0.0,"built_pixel_count":0,"center_lat":46.30072689510954,"center_lon":24.029615083123947,"crop_fraction":0.043006402531944876,"crop_pixel_count":155.4941176470588,"dominant_class_name":"Grassland","dominant_esa_code":30,"dominant_fraction":0.9569935974680551,"dominant_id":2,"dominant_pixel_count":3460.1098039215676,"grass_fraction":0.9569935974680551,"grass_pixel_count":3460.1098039215676,"ignored_pixel_count":0,"inside_fraction":1.0,"patch_group":"grassland","patch_id":"A_24.02962_46.30073","rand_split":0.6306717540661735,"rand_train_grassland":0.00965504291829511,"region_name":"A","selected_fraction":1.0,"selected_pixel_count":3615.6039215686264,"shrub_fraction":0.0,"shrub_pixel_count":0,"split":"train","total_pixel_count":3615.6039215686264,"tree_fraction":0.0,"tree_pixel_count":0}},{"type":"Feature","geometry":{"geodesic":false,"crs":{"type":"name","properties":{"name":"EPSG:32635"}},"type":"Polygon","coordinates":[[[340500.0,5125000.0],[341000.0,5125000.0],[341000.0,5125500.0],[340500.0,5125500.0],[340500.0,5125000.0]]]},"id":"1_1_1_1_2_681,10250","properties":{"built_fraction":0.0,"built_pixel_count":0,"center_lat":46.26214867791922,"center_lon":24.93356542777592,"crop_fraction":0.07346835179424438,"crop_pixel_count":265.62352941176476,"dominant_class_name":"Grassland","dominant_esa_code":30,"dominant_fraction":0.748864361113642,"dominant_id":2,"dominant_pixel_count":2707.505882352941,"grass_fraction":0.748864361113642,"grass_pixel_count":2707.505882352941,"ignored_pixel_count":0,"inside_fraction":1.0,"patch_group":"grassland","patch_id":"A_24.93357_46.26215","rand_split":0.7600656157111171,"rand_train_grassland":0.009672093211256616,"region_name":"A","selected_fraction":1.0,"selected_pixel_count":3615.4823529411765,"shrub_fraction":0.0,"shrub_pixel_count":0,"split":"train","total_pixel_count":3615.4823529411765,"tree_fraction":0.17766728709211366,"tree_pixel_count":642.3529411764706}},{"type":"Feature","geometry":{"geodesic":false,"crs":{"type":"name","properties":{"name":"EPSG:32635"}},"type":"Polygon","coordinates":[[[297500.0,5123000.0],[298000.0,5123000.0],[298000.0,5123500.0],[297500.0,5123500.0],[297500.0,5123000.0]]]},"id":"1_1_1_1_2_595,10246","properties":{"built_fraction":0.0,"built_pixel_count":0,"center_lat":46.23272722029543,"center_lon":24.37698437393585,"crop_fraction":0.10255928677821259,"crop_pixel_count":370.4666666666667,"dominant_class_name":"Grassland","dominant_esa_code":30,"dominant_fraction":0.7949433079004163,"dominant_id":2,"dominant_pixel_count":2871.5098039215663,"grass_fraction":0.7949433079004163,"grass_pixel_count":2871.5098039215663,"ignored_pixel_count":0,"inside_fraction":1.0,"patch_group":"grassland","patch_id":"A_24.37698_46.23273","rand_split":0.2005444875751594,"rand_train_grassland":0.00997979293120288,"region_name":"A","selected_fraction":1.0,"selected_pixel_count":3612.219607843135,"shrub_fraction":0.0,"shrub_pixel_count":0,"split":"train","total_pixel_count":3612.219607843135,"tree_fraction":0.10249740532137108,"tree_pixel_count":370.2431372549019}},{"type":"Feature","geometry":{"geodesic":false,"crs":{"type":"name","properties":{"name":"EPSG:32635"}},"type":"Polygon","coordinates":[[[306500.0,5136000.0],[307000.0,5136000.0],[307000.0,5136500.0],[306500.0,5136500.0],[306500.0,5136000.0]]]},"id":"1_1_1_1_2_613,10272","properties":{"built_fraction":0.0,"built_pixel_count":0,"center_lat":46.352230874684295,"center_lon":24.48824947237045,"crop_fraction":0.23280783204178604,"crop_pixel_count":842.8392156862745,"dominant_class_name":"Grassland","dominant_esa_code":30,"dominant_fraction":0.7372944879774518,"dominant_id":2,"dominant_pixel_count":2669.2431372549004,"grass_fraction":0.7372944879774518,"grass_pixel_count":2669.2431372549004,"ignored_pixel_count":0,"inside_fraction":1.0,"patch_group":"grassland","patch_id":"A_24.48825_46.35223","rand_split":0.17160617533601918,"rand_train_grassland":0.010414101167191991,"region_name":"A","selected_fraction":1.0,"selected_pixel_count":3620.3215686274493,"shrub_fraction":0.0,"shrub_pixel_count":0,"split":"train","total_pixel_count":3620.3215686274493,"tree_fraction":0.029897679980762204,"tree_pixel_count":108.2392156862745}},{"type":"Feature","geometry":{"geodesic":false,"crs":{"type":"name","properties":{"name":"EPSG:32635"}},"type":"Polygon","coordinates":[[[302000.0,5139500.0],[302500.0,5139500.0],[302500.0,5140000.0],[302000.0,5140000.0],[302000.0,5139500.0]]]},"id":"1_1_1_1_2_604,10279","properties":{"built_fraction":0.002103644838058324,"built_pixel_count":7.6196078431372545,"center_lat":46.38239911235456,"center_lon":24.428342998498053,"crop_fraction":0.367665798719191,"crop_pixel_count":1331.7215686274506,"dominant_class_name":"Grassland","dominant_esa_code":30,"dominant_fraction":0.5823739897253787,"dominant_id":2,"dominant_pixel_count":2109.41568627451,"grass_fraction":0.5823739897253787,"grass_pixel_count":2109.41568627451,"ignored_pixel_count":0,"inside_fraction":1.0,"patch_group":"grassland","patch_id":"A_24.42834_46.38240","rand_split":0.7438811763553933,"rand_train_grassland":0.010981983339687695,"region_name":"A","selected_fraction":1.0,"selected_pixel_count":3622.0980392156857,"shrub_fraction":0.0,"shrub_pixel_count":0,"split":"train","total_pixel_count":3622.0980392156857,"tree_fraction":0.04785656671737213,"tree_pixel_count":173.34117647058824}},{"type":"Feature","geometry":{"geodesic":false,"crs":{"type":"name","properties":{"name":"EPSG:32635"}},"type":"Polygon","coordinates":[[[281500.0,5120000.0],[282000.0,5120000.0],[282000.0,5120500.0],[281500.0,5120500.0],[281500.0,5120000.0]]]},"id":"1_1_1_1_2_563,10240","properties":{"built_fraction":5.540984817701596E-4,"built_pixel_count":2.0,"center_lat":46.20081345024856,"center_lon":24.171111322591507,"crop_fraction":5.540984817701596E-4,"crop_pixel_count":2.0,"dominant_class_name":"Grassland","dominant_esa_code":30,"dominant_fraction":0.5814970219922776,"dominant_id":2,"dominant_pixel_count":2098.8941176470607,"grass_fraction":0.5814970219922776,"grass_pixel_count":2098.8941176470607,"ignored_pixel_count":0,"inside_fraction":1.0,"patch_group":"grassland","patch_id":"A_24.17111_46.20081","rand_split":0.7857055945196493,"rand_train_grassland":0.010994812408277488,"region_name":"A","selected_fraction":1.0,"selected_pixel_count":3609.4666666666685,"shrub_fraction":0.0,"shrub_pixel_count":0,"split":"train","total_pixel_count":3609.4666666666685,"tree_fraction":0.41739478104418204,"tree_pixel_count":1506.5725490196078}},{"type":"Feature","geometry":{"geodesic":false,"crs":{"type":"name","properties":{"name":"EPSG:32635"}},"type":"Polygon","coordinates":[[[325500.0,5126000.0],[326000.0,5126000.0],[326000.0,5126500.0],[325500.0,5126500.0],[325500.0,5126000.0]]]},"id":"1_1_1_1_2_651,10252","properties":{"built_fraction":0.0038777684012313413,"built_pixel_count":14.019607843137255,"center_lat":46.267459199142856,"center_lon":24.73870220109957,"crop_fraction":0.1345580211774966,"crop_pixel_count":486.47843137254904,"dominant_class_name":"Grassland","dominant_esa_code":30,"dominant_fraction":0.6828885740876125,"dominant_id":2,"dominant_pixel_count":2468.901960784313,"grass_fraction":0.6828885740876125,"grass_pixel_count":2468.901960784313,"ignored_pixel_count":0,"inside_fraction":1.0,"patch_group":"grassland","patch_id":"A_24.73870_46.26746","rand_split":0.5357985370545977,"rand_train_grassland":0.0110366193563608,"region_name":"A","selected_fraction":1.0,"selected_pixel_count":3615.380392156862,"shrub_fraction":0.0,"shrub_pixel_count":0,"split":"train","total_pixel_count":3615.380392156862,"tree_fraction":0.17867563633365952,"tree_pixel_count":645.9803921568628}},{"type":"Feature","geometry":{"geodesic":false,"crs":{"type":"name","properties":{"name":"EPSG:32635"}},"type":"Polygon","coordinates":[[[303000.0,5122000.0],[303500.0,5122000.0],[303500.0,5122500.0],[303000.0,5122500.0],[303000.0,5122000.0]]]},"id":"1_1_1_1_2_606,10244","properties":{"built_fraction":0.041639387336093306,"built_pixel_count":150.39607843137256,"center_lat":46.22534991172481,"center_lon":24.448658908271195,"crop_fraction":0.07408469024252276,"crop_pixel_count":267.5843137254902,"dominant_class_name":"Grassland","dominant_esa_code":30,"dominant_fraction":0.5096582402035987,"dominant_id":2,"dominant_pixel_count":1840.8196078431367,"grass_fraction":0.5096582402035987,"grass_pixel_count":1840.8196078431367,"ignored_pixel_count":0,"inside_fraction":1.0,"patch_group":"grassland","patch_id":"A_24.44866_46.22535","rand_split":0.3084608981143976,"rand_train_grassland":0.011338450019086066,"region_name":"A","selected_fraction":1.0,"selected_pixel_count":3611.8705882352933,"shrub_fraction":0.0,"shrub_pixel_count":0,"split":"train","total_pixel_count":3611.8705882352933,"tree_fraction":0.3746176822177851,"tree_pixel_count":1353.0705882352936}},{"type":"Feature","geometry":{"geodesic":false,"crs":{"type":"name","properties":{"name":"EPSG:32635"}},"type":"Polygon","coordinates":[[[276000.0,5129500.0],[276500.0,5129500.0],[276500.0,5130000.0],[276000.0,5130000.0],[276000.0,5129500.0]]]},"id":"1_1_1_1_2_552,10259","properties":{"built_fraction":0.0,"built_pixel_count":0,"center_lat":46.284417819396495,"center_lon":24.09540709573356,"crop_fraction":0.04969314038298595,"crop_pixel_count":179.62745098039215,"dominant_class_name":"Grassland","dominant_esa_code":30,"dominant_fraction":0.8735881582673091,"dominant_id":2,"dominant_pixel_count":3157.7882352941187,"grass_fraction":0.8735881582673091,"grass_pixel_count":3157.7882352941187,"ignored_pixel_count":0,"inside_fraction":1.0,"patch_group":"grassland","patch_id":"A_24.09541_46.28442","rand_split":0.027384560466923613,"rand_train_grassland":0.012394603487233646,"region_name":"A","selected_fraction":1.0,"selected_pixel_count":3614.7333333333345,"shrub_fraction":0.0013832279006289073,"shrub_pixel_count":5.0,"split":"train","total_pixel_count":3614.7333333333345,"tree_fraction":0.07533547344907603,"tree_pixel_count":272.3176470588235}},{"type":"Feature","geometry":{"geodesic":false,"crs":{"type":"name","properties":{"name":"EPSG:32635"}},"type":"Polygon","coordinates":[[[327500.0,5127000.0],[328000.0,5127000.0],[328000.0,5127500.0],[327500.0,5127500.0],[327500.0,5127000.0]]]},"id":"1_1_1_1_2_655,10254","properties":{"built_fraction":0.0,"built_pixel_count":0,"center_lat":46.276962498632244,"center_lon":24.76427081968001,"crop_fraction":0.002345839415741742,"crop_pixel_count":8.482352941176469,"dominant_class_name":"Grassland","dominant_esa_code":30,"dominant_fraction":0.766561322606604,"dominant_id":2,"dominant_pixel_count":2771.819607843138,"grass_fraction":0.766561322606604,"grass_pixel_count":2771.819607843138,"ignored_pixel_count":0,"inside_fraction":1.0,"patch_group":"grassland","patch_id":"A_24.76427_46.27696","rand_split":0.5336281468144359,"rand_train_grassland":0.013111249542144154,"region_name":"A","selected_fraction":1.0,"selected_pixel_count":3615.9137254901966,"shrub_fraction":0.0,"shrub_pixel_count":0,"split":"train","total_pixel_count":3615.9137254901966,"tree_fraction":0.23109283797765431,"tree_pixel_count":835.6117647058824}},{"type":"Feature","geometry":{"geodesic":false,"crs":{"type":"name","properties":{"name":"EPSG:32635"}},"type":"Polygon","coordinates":[[[291000.0,5127500.0],[291500.0,5127500.0],[291500.0,5128000.0],[291000.0,5128000.0],[291000.0,5127500.0]]]},"id":"1_1_1_1_2_582,10255","properties":{"built_fraction":0.0,"built_pixel_count":0,"center_lat":46.2712173417381,"center_lon":24.290786163952056,"crop_fraction":0.4686054964250451,"crop_pixel_count":1693.760784313724,"dominant_class_name":"Grassland","dominant_esa_code":30,"dominant_fraction":0.5313945035749549,"dominant_id":2,"dominant_pixel_count":1920.7098039215682,"grass_fraction":0.5313945035749549,"grass_pixel_count":1920.7098039215682,"ignored_pixel_count":0,"inside_fraction":1.0,"patch_group":"grassland","patch_id":"A_24.29079_46.27122","rand_split":0.260916394320721,"rand_train_grassland":0.013170958696781865,"region_name":"A","selected_fraction":1.0,"selected_pixel_count":3614.470588235292,"shrub_fraction":0.0,"shrub_pixel_count":0,"split":"train","total_pixel_count":3614.470588235292,"tree_fraction":0.0,"tree_pixel_count":0}},{"type":"Feature","geometry":{"geodesic":false,"crs":{"type":"name","properties":{"name":"EPSG:32635"}},"type":"Polygon","coordinates":[[[263500.0,5134500.0],[264000.0,5134500.0],[264000.0,5135000.0],[263500.0,5135000.0],[263500.0,5134500.0]]]},"id":"1_1_1_1_2_527,10269","properties":{"built_fraction":0.0,"built_pixel_count":0,"center_lat":46.325117559110446,"center_lon":23.93085687491268,"crop_fraction":0.38867601712226263,"crop_pixel_count":1405.7999999999981,"dominant_class_name":"Grassland","dominant_esa_code":30,"dominant_fraction":0.5896392528309417,"dominant_id":2,"dominant_pixel_count":2132.662745098038,"grass_fraction":0.5896392528309417,"grass_pixel_count":2132.662745098038,"ignored_pixel_count":0,"inside_fraction":1.0,"patch_group":"grassland","patch_id":"A_23.93086_46.32512","rand_split":0.4158914797276453,"rand_train_grassland":0.014726659886625693,"region_name":"A","selected_fraction":1.0,"selected_pixel_count":3616.894117647056,"shrub_fraction":0.0,"shrub_pixel_count":0,"split":"train","total_pixel_count":3616.894117647056,"tree_fraction":0.021684730046795664,"tree_pixel_count":78.43137254901961}},{"type":"Feature","geometry":{"geodesic":false,"crs":{"type":"name","properties":{"name":"EPSG:32635"}},"type":"Polygon","coordinates":[[[269000.0,5135000.0],[269500.0,5135000.0],[269500.0,5135500.0],[269000.0,5135500.0],[269000.0,5135000.0]]]},"id":"1_1_1_1_2_538,10270","properties":{"built_fraction":0.0030407328111872953,"built_pixel_count":11.0,"center_lat":46.331505909985545,"center_lon":24.001961510247426,"crop_fraction":0.2581381609257704,"crop_pixel_count":933.8274509803922,"dominant_class_name":"Grassland","dominant_esa_code":30,"dominant_fraction":0.5395896907775278,"dominant_id":2,"dominant_pixel_count":1951.9921568627447,"grass_fraction":0.5395896907775278,"grass_pixel_count":1951.9921568627447,"ignored_pixel_count":0,"inside_fraction":1.0,"patch_group":"grassland","patch_id":"A_24.00196_46.33151","rand_split":0.6141314841493554,"rand_train_grassland":0.014878574512378395,"region_name":"A","selected_fraction":1.0,"selected_pixel_count":3617.5490196078426,"shrub_fraction":0.0,"shrub_pixel_count":0,"split":"train","total_pixel_count":3617.5490196078426,"tree_fraction":0.19923141548551454,"tree_pixel_count":720.7294117647059}},{"type":"Feature","geometry":{"geodesic":false,"crs":{"type":"name","properties":{"name":"EPSG:32635"}},"type":"Polygon","coordinates":[[[315500.0,5127000.0],[316000.0,5127000.0],[316000.0,5127500.0],[315500.0,5127500.0],[315500.0,5127000.0]]]},"id":"1_1_1_1_2_631,10254","properties":{"built_fraction":0.0,"built_pixel_count":0,"center_lat":46.2738118735856,"center_lon":24.608649421038844,"crop_fraction":0.0,"crop_pixel_count":0,"dominant_class_name":"Grassland","dominant_esa_code":30,"dominant_fraction":0.6617620739214145,"dominant_id":2,"dominant_pixel_count":2392.5294117647054,"grass_fraction":0.6617620739214145,"grass_pixel_count":2392.5294117647054,"ignored_pixel_count":0,"inside_fraction":1.0,"patch_group":"grassland","patch_id":"A_24.60865_46.27381","rand_split":0.011502933494174084,"rand_train_grassland":0.016757978292643916,"region_name":"A","selected_fraction":1.0,"selected_pixel_count":3615.392156862744,"shrub_fraction":0.0,"shrub_pixel_count":0,"split":"train","total_pixel_count":3615.392156862744,"tree_fraction":0.3382379260785854,"tree_pixel_count":1222.8627450980382}},{"type":"Feature","geometry":{"geodesic":false,"crs":{"type":"name","properties":{"name":"EPSG:32635"}},"type":"Polygon","coordinates":[[[284000.0,5144000.0],[284500.0,5144000.0],[284500.0,5144500.0],[284000.0,5144500.0],[284000.0,5144000.0]]]},"id":"1_1_1_2_568,10288","properties":{"built_fraction":0.0,"built_pixel_count":0,"center_lat":46.41734825076883,"center_lon":24.192458483515306,"crop_fraction":1.0,"crop_pixel_count":3623.7019607843135,"dominant_class_name":"Cropland","dominant_esa_code":40,"dominant_fraction":1.0,"dominant_id":3,"dominant_pixel_count":3623.7019607843135,"grass_fraction":0.0,"grass_pixel_count":0,"ignored_pixel_count":0,"inside_fraction":1.0,"patch_group":"cropland","patch_id":"A_24.19246_46.41735","rand_split":0.77097575451452,"rand_train_cropland":2.3326218166186408E-4,"region_name":"A","selected_fraction":1.0,"selected_pixel_count":3623.7019607843135,"shrub_fraction":0.0,"shrub_pixel_count":0,"split":"train","total_pixel_count":3623.7019607843135,"tree_fraction":0.0,"tree_pixel_count":0}},{"type":"Feature","geometry":{"geodesic":false,"crs":{"type":"name","properties":{"name":"EPSG:32635"}},"type":"Polygon","coordinates":[[[288000.0,5138000.0],[288500.0,5138000.0],[288500.0,5138500.0],[288000.0,5138500.0],[288000.0,5138000.0]]]},"id":"1_1_1_2_576,10276","properties":{"built_fraction":0.0,"built_pixel_count":0,"center_lat":46.364677842004085,"center_lon":24.2471636100444,"crop_fraction":0.505779795844093,"crop_pixel_count":1831.1529411764707,"dominant_class_name":"Cropland","dominant_esa_code":40,"dominant_fraction":0.505779795844093,"dominant_id":3,"dominant_pixel_count":1831.1529411764707,"grass_fraction":0.47847632623351394,"grass_pixel_count":1732.3019607843123,"ignored_pixel_count":0,"inside_fraction":1.0,"patch_group":"cropland","patch_id":"A_24.24716_46.36468","rand_split":0.019812789013709087,"rand_train_cropland":7.888715407126101E-4,"region_name":"A","selected_fraction":1.0,"selected_pixel_count":3620.454901960783,"shrub_fraction":0.0,"shrub_pixel_count":0,"split":"train","total_pixel_count":3620.454901960783,"tree_fraction":0.015743877922393033,"tree_pixel_count":57.0}},{"type":"Feature","geometry":{"geodesic":false,"crs":{"type":"name","properties":{"name":"EPSG:32635"}},"type":"Polygon","coordinates":[[[265000.0,5135000.0],[265500.0,5135000.0],[265500.0,5135500.0],[265000.0,5135500.0],[265000.0,5135000.0]]]},"id":"1_1_1_2_530,10270","properties":{"built_fraction":8.29368985719676E-4,"built_pixel_count":3.0,"center_lat":46.330132209312026,"center_lon":23.950065380195646,"crop_fraction":0.6495010776376102,"crop_pixel_count":2349.3803921568615,"dominant_class_name":"Cropland","dominant_esa_code":40,"dominant_fraction":0.6495010776376102,"dominant_id":3,"dominant_pixel_count":2349.3803921568615,"grass_fraction":0.30742160565835636,"grass_pixel_count":1112.0078431372542,"ignored_pixel_count":0,"inside_fraction":1.0,"patch_group":"cropland","patch_id":"A_23.95007_46.33013","rand_split":0.6834949124717743,"rand_train_cropland":0.00190184285591255,"region_name":"A","selected_fraction":1.0,"selected_pixel_count":3617.207843137253,"shrub_fraction":0.0,"shrub_pixel_count":0,"split":"train","total_pixel_count":3617.207843137253,"tree_fraction":0.04224794771831379,"tree_pixel_count":152.81960784313725}},{"type":"Feature","geometry":{"geodesic":false,"crs":{"type":"name","properties":{"name":"EPSG:32635"}},"type":"Polygon","coordinates":[[[304000.0,5139000.0],[304500.0,5139000.0],[304500.0,5139500.0],[304000.0,5139500.0],[304000.0,5139000.0]]]},"id":"1_1_1_2_608,10278","properties":{"built_fraction":0.0038188023231137676,"built_pixel_count":13.831372549019607,"center_lat":46.37848542138422,"center_lon":24.454534988708797,"crop_fraction":0.6971517603087092,"crop_pixel_count":2525.023529411766,"dominant_class_name":"Cropland","dominant_esa_code":40,"dominant_fraction":0.6971517603087092,"dominant_id":3,"dominant_pixel_count":2525.023529411766,"grass_fraction":0.12186710957699748,"grass_pixel_count":441.3921568627451,"ignored_pixel_count":0,"inside_fraction":1.0,"patch_group":"cropland","patch_id":"A_24.45453_46.37849","rand_split":0.14844510632337626,"rand_train_cropland":0.002676547748059477,"region_name":"A","selected_fraction":1.0,"selected_pixel_count":3621.9137254901975,"shrub_fraction":0.0,"shrub_pixel_count":0,"split":"train","total_pixel_count":3621.9137254901975,"tree_fraction":0.1771623277911795,"tree_pixel_count":641.6666666666665}},{"type":"Feature","geometry":{"geodesic":false,"crs":{"type":"name","properties":{"name":"EPSG:32635"}},"type":"Polygon","coordinates":[[[323500.0,5133500.0],[324000.0,5133500.0],[324000.0,5134000.0],[323500.0,5134000.0],[323500.0,5133500.0]]]},"id":"1_1_1_2_647,10267","properties":{"built_fraction":0.015194130367892114,"built_pixel_count":54.99607843137255,"center_lat":46.334388167701,"center_lon":24.709956764824422,"crop_fraction":0.5245030271249462,"crop_pixel_count":1898.4705882352928,"dominant_class_name":"Cropland","dominant_esa_code":40,"dominant_fraction":0.5245030271249462,"dominant_id":3,"dominant_pixel_count":1898.4705882352928,"grass_fraction":0.23803776430462809,"grass_pixel_count":861.592156862745,"ignored_pixel_count":0,"inside_fraction":1.0,"patch_group":"cropland","patch_id":"A_24.70996_46.33439","rand_split":0.7368259508153623,"rand_train_cropland":0.0028024332687244247,"region_name":"A","selected_fraction":1.0,"selected_pixel_count":3619.560784313724,"shrub_fraction":0.0,"shrub_pixel_count":0,"split":"train","total_pixel_count":3619.560784313724,"tree_fraction":0.22226507820253358,"tree_pixel_count":804.5019607843136}},{"type":"Feature","geometry":{"geodesic":false,"crs":{"type":"name","properties":{"name":"EPSG:32635"}},"type":"Polygon","coordinates":[[[292000.0,5127500.0],[292500.0,5127500.0],[292500.0,5128000.0],[292000.0,5128000.0],[292000.0,5127500.0]]]},"id":"1_1_1_2_584,10255","properties":{"built_fraction":0.007011936457512849,"built_pixel_count":25.34509803921568,"center_lat":46.2715240104901,"center_lon":24.303749802412092,"crop_fraction":0.6111125576914314,"crop_pixel_count":2208.9058823529413,"dominant_class_name":"Cropland","dominant_esa_code":40,"dominant_fraction":0.6111125576914314,"dominant_id":3,"dominant_pixel_count":2208.9058823529413,"grass_fraction":0.288879196800743,"grass_pixel_count":1044.172549019608,"ignored_pixel_count":0,"inside_fraction":1.0,"patch_group":"cropland","patch_id":"A_24.30375_46.27152","rand_split":0.4147430728573809,"rand_train_cropland":0.004408964642773849,"region_name":"A","selected_fraction":1.0,"selected_pixel_count":3614.5647058823533,"shrub_fraction":0.0,"shrub_pixel_count":0,"split":"train","total_pixel_count":3614.5647058823533,"tree_fraction":0.09299630905031277,"tree_pixel_count":336.1411764705882}},{"type":"Feature","geometry":{"geodesic":false,"crs":{"type":"name","properties":{"name":"EPSG:32635"}},"type":"Polygon","coordinates":[[[281500.0,5142500.0],[282000.0,5142500.0],[282000.0,5143000.0],[281500.0,5143000.0],[281500.0,5142500.0]]]},"id":"1_1_1_2_563,10285","properties":{"built_fraction":0.03581607767023923,"built_pixel_count":129.75294117647056,"center_lat":46.4030624001264,"center_lon":24.16066686030246,"crop_fraction":0.5631178941830672,"crop_pixel_count":2040.0392156862738,"dominant_class_name":"Cropland","dominant_esa_code":40,"dominant_fraction":0.5631178941830672,"dominant_id":3,"dominant_pixel_count":2040.0392156862738,"grass_fraction":0.07707054426106003,"grass_pixel_count":279.2078431372549,"ignored_pixel_count":0,"inside_fraction":1.0,"patch_group":"cropland","patch_id":"A_24.16067_46.40306","rand_split":0.7876786075039682,"rand_train_cropland":0.004577202219087639,"region_name":"A","selected_fraction":1.0,"selected_pixel_count":3622.756862745096,"shrub_fraction":0.0,"shrub_pixel_count":0,"split":"train","total_pixel_count":3622.756862745096,"tree_fraction":0.3239954838856335,"tree_pixel_count":1173.756862745097}},{"type":"Feature","geometry":{"geodesic":false,"crs":{"type":"name","properties":{"name":"EPSG:32635"}},"type":"Polygon","coordinates":[[[295000.0,5135000.0],[295500.0,5135000.0],[295500.0,5135500.0],[295000.0,5135500.0],[295000.0,5135000.0]]]},"id":"1_1_1_2_590,10270","properties":{"built_fraction":0.0,"built_pixel_count":0,"center_lat":46.33986137381986,"center_lon":24.339374974950147,"crop_fraction":0.8480301488697967,"crop_pixel_count":3069.1607843137263,"dominant_class_name":"Cropland","dominant_esa_code":40,"dominant_fraction":0.8480301488697967,"dominant_id":3,"dominant_pixel_count":3069.1607843137263,"grass_fraction":0.05656488822575244,"grass_pixel_count":204.71764705882353,"ignored_pixel_count":4.901960784313726,"inside_fraction":1.0,"patch_group":"cropland","patch_id":"A_24.33937_46.33986","rand_split":0.11510692243326215,"rand_train_cropland":0.005148638865391519,"region_name":"A","selected_fraction":0.9986455546562039,"selected_pixel_count":3614.26274509804,"shrub_fraction":0.0,"shrub_pixel_count":0,"split":"train","total_pixel_count":3619.1647058823537,"tree_fraction":0.09405051756065474,"tree_pixel_count":340.3843137254902}},{"type":"Feature","geometry":{"geodesic":false,"crs":{"type":"name","properties":{"name":"EPSG:32635"}},"type":"Polygon","coordinates":[[[267000.0,5128000.0],[267500.0,5128000.0],[267500.0,5128500.0],[267000.0,5128500.0],[267000.0,5128000.0]]]},"id":"1_1_1_2_534,10256","properties":{"built_fraction":0.0,"built_pixel_count":0,"center_lat":46.26791066040355,"center_lon":23.979477565315978,"crop_fraction":0.9701228168427085,"crop_pixel_count":3505.2705882352957,"dominant_class_name":"Cropland","dominant_esa_code":40,"dominant_fraction":0.9701228168427085,"dominant_id":3,"dominant_pixel_count":3505.2705882352957,"grass_fraction":0.029877183157291508,"grass_pixel_count":107.9529411764706,"ignored_pixel_count":0,"inside_fraction":1.0,"patch_group":"cropland","patch_id":"A_23.97948_46.26791","rand_split":0.006287465502262446,"rand_train_cropland":0.005283663024298724,"region_name":"A","selected_fraction":1.0,"selected_pixel_count":3613.2235294117663,"shrub_fraction":0.0,"shrub_pixel_count":0,"split":"train","total_pixel_count":3613.2235294117663,"tree_fraction":0.0,"tree_pixel_count":0}},{"type":"Feature","geometry":{"geodesic":false,"crs":{"type":"name","properties":{"name":"EPSG:32635"}},"type":"Polygon","coordinates":[[[291000.0,5121000.0],[291500.0,5121000.0],[291500.0,5121500.0],[291000.0,5121500.0],[291000.0,5121000.0]]]},"id":"1_1_1_2_582,10242","properties":{"built_fraction":8.308615654300769E-4,"built_pixel_count":3.0,"center_lat":46.2127830074668,"center_lon":24.293663030110828,"crop_fraction":0.899402757157085,"crop_pixel_count":3247.482352941176,"dominant_class_name":"Cropland","dominant_esa_code":40,"dominant_fraction":0.899402757157085,"dominant_id":3,"dominant_pixel_count":3247.482352941176,"grass_fraction":0.06025538403724867,"grass_pixel_count":217.56470588235294,"ignored_pixel_count":0,"inside_fraction":1.0,"patch_group":"cropland","patch_id":"A_24.29366_46.21278","rand_split":0.7589193710056074,"rand_train_cropland":0.005300425629019223,"region_name":"A","selected_fraction":1.0,"selected_pixel_count":3610.709803921568,"shrub_fraction":0.0,"shrub_pixel_count":0,"split":"train","total_pixel_count":3610.709803921568,"tree_fraction":0.039510997240236295,"tree_pixel_count":142.6627450980392}},{"type":"Feature","geometry":{"geodesic":false,"crs":{"type":"name","properties":{"name":"EPSG:32635"}},"type":"Polygon","coordinates":[[[318000.0,5121000.0],[318500.0,5121000.0],[318500.0,5121500.0],[318000.0,5121500.0],[318000.0,5121000.0]]]},"id":"1_1_1_2_636,10242","properties":{"built_fraction":0.01304771241617188,"built_pixel_count":47.12941176470588,"center_lat":46.22053177411889,"center_lon":24.643381354085886,"crop_fraction":0.76113501418442,"crop_pixel_count":2749.2823529411726,"dominant_class_name":"Cropland","dominant_esa_code":40,"dominant_fraction":0.76113501418442,"dominant_id":3,"dominant_pixel_count":2749.2823529411726,"grass_fraction":0.1983604047852471,"grass_pixel_count":716.4941176470588,"ignored_pixel_count":0,"inside_fraction":1.0,"patch_group":"cropland","patch_id":"A_24.64338_46.22053","rand_split":0.04987214319590283,"rand_train_cropland":0.005602086789901373,"region_name":"A","selected_fraction":1.0,"selected_pixel_count":3612.0823529411728,"shrub_fraction":0.0,"shrub_pixel_count":0,"split":"train","total_pixel_count":3612.0823529411728,"tree_fraction":0.027456868614161002,"tree_pixel_count":99.1764705882353}},{"type":"Feature","geometry":{"geodesic":false,"crs":{"type":"name","properties":{"name":"EPSG:32635"}},"type":"Polygon","coordinates":[[[281500.0,5124500.0],[282000.0,5124500.0],[282000.0,5125000.0],[281500.0,5125000.0],[281500.0,5124500.0]]]},"id":"1_1_1_2_563,10249","properties":{"built_fraction":0.016780913380219004,"built_pixel_count":60.615686274509805,"center_lat":46.241263960721646,"center_lon":24.169031389993847,"crop_fraction":0.6350061773563519,"crop_pixel_count":2293.756862745097,"dominant_class_name":"Cropland","dominant_esa_code":40,"dominant_fraction":0.6350061773563519,"dominant_id":3,"dominant_pixel_count":2293.756862745097,"grass_fraction":0.2576326720268895,"grass_pixel_count":930.6156862745099,"ignored_pixel_count":0,"inside_fraction":1.0,"patch_group":"cropland","patch_id":"A_24.16903_46.24126","rand_split":0.5035684303409393,"rand_train_cropland":0.0061094246583621725,"region_name":"A","selected_fraction":1.0,"selected_pixel_count":3612.1803921568617,"shrub_fraction":0.0,"shrub_pixel_count":0,"split":"train","total_pixel_count":3612.1803921568617,"tree_fraction":0.09058023723653957,"tree_pixel_count":327.1921568627451}},{"type":"Feature","geometry":{"geodesic":false,"crs":{"type":"name","properties":{"name":"EPSG:32635"}},"type":"Polygon","coordinates":[[[296500.0,5139000.0],[297000.0,5139000.0],[297000.0,5139500.0],[296500.0,5139500.0],[296500.0,5139000.0]]]},"id":"1_1_1_2_593,10278","properties":{"built_fraction":0.0,"built_pixel_count":0,"center_lat":46.37627385873802,"center_lon":24.357111163301138,"crop_fraction":0.945911177382101,"crop_pixel_count":3425.611764705882,"dominant_class_name":"Cropland","dominant_esa_code":40,"dominant_fraction":0.945911177382101,"dominant_id":3,"dominant_pixel_count":3425.611764705882,"grass_fraction":0.04623051259311238,"grass_pixel_count":167.42352941176475,"ignored_pixel_count":0,"inside_fraction":1.0,"patch_group":"cropland","patch_id":"A_24.35711_46.37627","rand_split":0.1634390410527794,"rand_train_cropland":0.00634787834463324,"region_name":"A","selected_fraction":1.0,"selected_pixel_count":3621.4941176470584,"shrub_fraction":0.0,"shrub_pixel_count":0,"split":"train","total_pixel_count":3621.4941176470584,"tree_fraction":0.00785831002478665,"tree_pixel_count":28.458823529411767}},{"type":"Feature","geometry":{"geodesic":false,"crs":{"type":"name","properties":{"name":"EPSG:32635"}},"type":"Polygon","coordinates":[[[324500.0,5136500.0],[325000.0,5136500.0],[325000.0,5137000.0],[324500.0,5137000.0],[324500.0,5136500.0]]]},"id":"1_1_1_2_649,10273","properties":{"built_fraction":0.044468507880474496,"built_pixel_count":161.04313725490198,"center_lat":46.36162559090011,"center_lon":24.721818340019258,"crop_fraction":0.8371473277855083,"crop_pixel_count":3031.7372549019624,"dominant_class_name":"Cropland","dominant_esa_code":40,"dominant_fraction":0.8371473277855083,"dominant_id":3,"dominant_pixel_count":3031.7372549019624,"grass_fraction":0.09893068106141403,"grass_pixel_count":358.27843137254894,"ignored_pixel_count":0,"inside_fraction":1.0,"patch_group":"cropland","patch_id":"A_24.72182_46.36163","rand_split":0.09503921808917082,"rand_train_cropland":0.006961837055303954,"region_name":"A","selected_fraction":1.0,"selected_pixel_count":3621.50980392157,"shrub_fraction":0.0,"shrub_pixel_count":0,"split":"train","total_pixel_count":3621.50980392157,"tree_fraction":0.01945348327260323,"tree_pixel_count":70.45098039215686}},{"type":"Feature","geometry":{"geodesic":false,"crs":{"type":"name","properties":{"name":"EPSG:32635"}},"type":"Polygon","coordinates":[[[340000.0,5126000.0],[340500.0,5126000.0],[340500.0,5126500.0],[340000.0,5126500.0],[340000.0,5126000.0]]]},"id":"1_1_1_2_680,10252","properties":{"built_fraction":0.0,"built_pixel_count":0,"center_lat":46.271025282164295,"center_lon":24.926742517932297,"crop_fraction":0.8319579903109623,"crop_pixel_count":3008.3372549019605,"dominant_class_name":"Cropland","dominant_esa_code":40,"dominant_fraction":0.8319579903109623,"dominant_id":3,"dominant_pixel_count":3008.3372549019605,"grass_fraction":0.15502026412225497,"grass_pixel_count":560.5490196078432,"ignored_pixel_count":0,"inside_fraction":1.0,"patch_group":"cropland","patch_id":"A_24.92674_46.27103","rand_split":0.6557008247569296,"rand_train_cropland":0.00715875104690844,"region_name":"A","selected_fraction":1.0,"selected_pixel_count":3615.972549019608,"shrub_fraction":0.0,"shrub_pixel_count":0,"split":"train","total_pixel_count":3615.972549019608,"tree_fraction":0.013021745566782672,"tree_pixel_count":47.08627450980392}},{"type":"Feature","geometry":{"geodesic":false,"crs":{"type":"name","properties":{"name":"EPSG:32635"}},"type":"Polygon","coordinates":[[[280000.0,5123500.0],[280500.0,5123500.0],[280500.0,5124000.0],[280000.0,5124000.0],[280000.0,5123500.0]]]},"id":"1_1_1_2_560,10247","properties":{"built_fraction":0.007292841917118304,"built_pixel_count":26.337254901960783,"center_lat":46.23179191870385,"center_lon":24.150064682974065,"crop_fraction":0.7326906308264823,"crop_pixel_count":2646.0274509803935,"dominant_class_name":"Cropland","dominant_esa_code":40,"dominant_fraction":0.7326906308264823,"dominant_id":3,"dominant_pixel_count":2646.0274509803935,"grass_fraction":0.2100004017795576,"grass_pixel_count":758.3921568627451,"ignored_pixel_count":0,"inside_fraction":1.0,"patch_group":"cropland","patch_id":"A_24.15006_46.23179","rand_split":0.34006477689274706,"rand_train_cropland":0.007541042032941814,"region_name":"A","selected_fraction":1.0,"selected_pixel_count":3611.3843137254917,"shrub_fraction":0.0,"shrub_pixel_count":0,"split":"train","total_pixel_count":3611.3843137254917,"tree_fraction":0.050016125476841734,"tree_pixel_count":180.62745098039215}},{"type":"Feature","geometry":{"geodesic":false,"crs":{"type":"name","properties":{"name":"EPSG:32635"}},"type":"Polygon","coordinates":[[[276000.0,5143500.0],[276500.0,5143500.0],[276500.0,5144000.0],[276000.0,5144000.0],[276000.0,5143500.0]]]},"id":"1_1_1_2_552,10287","properties":{"built_fraction":0.0,"built_pixel_count":0,"center_lat":46.4102524635585,"center_lon":24.088728621880303,"crop_fraction":0.5942127344521222,"crop_pixel_count":2152.8117647058807,"dominant_class_name":"Cropland","dominant_esa_code":40,"dominant_fraction":0.5942127344521222,"dominant_id":3,"dominant_pixel_count":2152.8117647058807,"grass_fraction":0.39778277134098844,"grass_pixel_count":1441.1529411764707,"ignored_pixel_count":0,"inside_fraction":1.0,"patch_group":"cropland","patch_id":"A_24.08873_46.41025","rand_split":0.4324154372191872,"rand_train_cropland":0.007862966620045042,"region_name":"A","selected_fraction":1.0,"selected_pixel_count":3622.964705882351,"shrub_fraction":0.0,"shrub_pixel_count":0,"split":"train","total_pixel_count":3622.964705882351,"tree_fraction":0.008004494206889388,"tree_pixel_count":29.0}},{"type":"Feature","geometry":{"geodesic":false,"crs":{"type":"name","properties":{"name":"EPSG:32635"}},"type":"Polygon","coordinates":[[[305000.0,5136000.0],[305500.0,5136000.0],[305500.0,5136500.0],[305000.0,5136500.0],[305000.0,5136000.0]]]},"id":"1_1_1_2_610,10272","properties":{"built_fraction":0.0,"built_pixel_count":0,"center_lat":46.35180112713052,"center_lon":24.4687726173535,"crop_fraction":0.8681980766022719,"crop_pixel_count":3143.074509803923,"dominant_class_name":"Cropland","dominant_esa_code":40,"dominant_fraction":0.8681980766022719,"dominant_id":3,"dominant_pixel_count":3143.074509803923,"grass_fraction":0.1150572274735202,"grass_pixel_count":416.5333333333333,"ignored_pixel_count":0,"inside_fraction":1.0,"patch_group":"cropland","patch_id":"A_24.46877_46.35180","rand_split":0.43064722743147765,"rand_train_cropland":0.00904267820501825,"region_name":"A","selected_fraction":1.0,"selected_pixel_count":3620.2274509803933,"shrub_fraction":0.0,"shrub_pixel_count":0,"split":"train","total_pixel_count":3620.2274509803933,"tree_fraction":0.016744695924207985,"tree_pixel_count":60.61960784313725}},{"type":"Feature","geometry":{"geodesic":false,"crs":{"type":"name","properties":{"name":"EPSG:32635"}},"type":"Polygon","coordinates":[[[293000.0,5119000.0],[293500.0,5119000.0],[293500.0,5119500.0],[293000.0,5119500.0],[293000.0,5119000.0]]]},"id":"1_1_1_2_586,10238","properties":{"built_fraction":0.0,"built_pixel_count":0,"center_lat":46.19541331253585,"center_lon":24.32043803438617,"crop_fraction":0.7705154014212351,"crop_pixel_count":2781.309803921569,"dominant_class_name":"Cropland","dominant_esa_code":40,"dominant_fraction":0.7705154014212351,"dominant_id":3,"dominant_pixel_count":2781.309803921569,"grass_fraction":0.04332691992216992,"grass_pixel_count":156.3960784313725,"ignored_pixel_count":0,"inside_fraction":1.0,"patch_group":"cropland","patch_id":"A_24.32044_46.19541","rand_split":0.047889546796029525,"rand_train_cropland":0.009409475843880633,"region_name":"A","selected_fraction":1.0,"selected_pixel_count":3609.674509803922,"shrub_fraction":0.0,"shrub_pixel_count":0,"split":"train","total_pixel_count":3609.674509803922,"tree_fraction":0.18615767865659497,"tree_pixel_count":671.9686274509804}},{"type":"Feature","geometry":{"geodesic":false,"crs":{"type":"name","properties":{"name":"EPSG:32635"}},"type":"Polygon","coordinates":[[[306000.0,5135000.0],[306500.0,5135000.0],[306500.0,5135500.0],[306000.0,5135500.0],[306000.0,5135000.0]]]},"id":"1_1_1_2_612,10270","properties":{"built_fraction":0.0,"built_pixel_count":0,"center_lat":46.3430969021311,"center_lon":24.48217025890835,"crop_fraction":0.6292315726293118,"crop_pixel_count":2277.5764705882366,"dominant_class_name":"Cropland","dominant_esa_code":40,"dominant_fraction":0.6292315726293118,"dominant_id":3,"dominant_pixel_count":2277.5764705882366,"grass_fraction":0.2903525669500174,"grass_pixel_count":1050.964705882353,"ignored_pixel_count":0,"inside_fraction":1.0,"patch_group":"cropland","patch_id":"A_24.48217_46.34310","rand_split":0.6169315879719982,"rand_train_cropland":0.00957529839242266,"region_name":"A","selected_fraction":1.0,"selected_pixel_count":3619.615686274511,"shrub_fraction":0.0,"shrub_pixel_count":0,"split":"train","total_pixel_count":3619.615686274511,"tree_fraction":0.0804158604206708,"tree_pixel_count":291.0745098039216}},{"type":"Feature","geometry":{"geodesic":false,"crs":{"type":"name","properties":{"name":"EPSG:32635"}},"type":"Polygon","coordinates":[[[292000.0,5135000.0],[292500.0,5135000.0],[292500.0,5135500.0],[292000.0,5135500.0],[292000.0,5135000.0]]]},"id":"1_1_1_2_584,10270","properties":{"built_fraction":0.0,"built_pixel_count":0,"center_lat":46.338948042944374,"center_lon":24.300435126053937,"crop_fraction":0.5356526337576547,"crop_pixel_count":1938.4470588235295,"dominant_class_name":"Cropland","dominant_esa_code":40,"dominant_fraction":0.5356526337576547,"dominant_id":3,"dominant_pixel_count":1938.4470588235295,"grass_fraction":0.36217757342542906,"grass_pixel_count":1310.6666666666663,"ignored_pixel_count":0,"inside_fraction":1.0,"patch_group":"cropland","patch_id":"A_24.30044_46.33895","rand_split":0.6383263623364307,"rand_train_cropland":0.009999945539658772,"region_name":"A","selected_fraction":1.0,"selected_pixel_count":3618.8509803921565,"shrub_fraction":0.0,"shrub_pixel_count":0,"split":"train","total_pixel_count":3618.8509803921565,"tree_fraction":0.10216979281691622,"tree_pixel_count":369.7372549019608}},{"type":"Feature","geometry":{"geodesic":false,"crs":{"type":"name","properties":{"name":"EPSG:32635"}},"type":"Polygon","coordinates":[[[297000.0,5131000.0],[297500.0,5131000.0],[297500.0,5131500.0],[297000.0,5131500.0],[297000.0,5131000.0]]]},"id":"1_1_1_2_594,10262","properties":{"built_fraction":0.0,"built_pixel_count":0,"center_lat":46.30450165030282,"center_lon":24.36706280695121,"crop_fraction":0.7998148150155965,"crop_pixel_count":2892.8862745098027,"dominant_class_name":"Cropland","dominant_esa_code":40,"dominant_fraction":0.7998148150155965,"dominant_id":3,"dominant_pixel_count":2892.8862745098027,"grass_fraction":0.1827162126851715,"grass_pixel_count":660.8745098039216,"ignored_pixel_count":0,"inside_fraction":1.0,"patch_group":"cropland","patch_id":"A_24.36706_46.30450","rand_split":0.18154915205849842,"rand_train_cropland":0.010200577405724554,"region_name":"A","selected_fraction":1.0,"selected_pixel_count":3616.9450980392144,"shrub_fraction":0.0,"shrub_pixel_count":0,"split":"train","total_pixel_count":3616.9450980392144,"tree_fraction":0.017468972299232048,"tree_pixel_count":63.184313725490185}},{"type":"Feature","geometry":{"geodesic":false,"crs":{"type":"name","properties":{"name":"EPSG:32635"}},"type":"Polygon","coordinates":[[[293500.0,5128500.0],[294000.0,5128500.0],[294000.0,5129000.0],[293500.0,5129000.0],[293500.0,5128500.0]]]},"id":"1_1_1_2_587,10257","properties":{"built_fraction":0.0,"built_pixel_count":0,"center_lat":46.280971330897124,"center_lon":24.322757556357562,"crop_fraction":0.969528400745464,"crop_pixel_count":3504.9098039215673,"dominant_class_name":"Cropland","dominant_esa_code":40,"dominant_fraction":0.969528400745464,"dominant_id":3,"dominant_pixel_count":3504.9098039215673,"grass_fraction":0.016873824364695908,"grass_pixel_count":61.0,"ignored_pixel_count":0,"inside_fraction":1.0,"patch_group":"cropland","patch_id":"A_24.32276_46.28097","rand_split":0.452001166557117,"rand_train_cropland":0.01113532736870848,"region_name":"A","selected_fraction":1.0,"selected_pixel_count":3615.0666666666652,"shrub_fraction":0.0,"shrub_pixel_count":0,"split":"train","total_pixel_count":3615.0666666666652,"tree_fraction":0.01359777488984013,"tree_pixel_count":49.15686274509804}},{"type":"Feature","geometry":{"geodesic":false,"crs":{"type":"name","properties":{"name":"EPSG:32635"}},"type":"Polygon","coordinates":[[[263500.0,5127000.0],[264000.0,5127000.0],[264000.0,5127500.0],[263500.0,5127500.0],[263500.0,5127000.0]]]},"id":"1_1_1_2_527,10254","properties":{"built_fraction":0.0,"built_pixel_count":0,"center_lat":46.25771527904554,"center_lon":23.93462311988486,"crop_fraction":0.996012662212891,"crop_pixel_count":3598.0117647058805,"dominant_class_name":"Cropland","dominant_esa_code":40,"dominant_fraction":0.996012662212891,"dominant_id":3,"dominant_pixel_count":3598.0117647058805,"grass_fraction":0.003987337787108949,"grass_pixel_count":14.403921568627451,"ignored_pixel_count":0,"inside_fraction":1.0,"patch_group":"cropland","patch_id":"A_23.93462_46.25772","rand_split":0.4706194622671336,"rand_train_cropland":0.011194640855950344,"region_name":"A","selected_fraction":1.0,"selected_pixel_count":3612.415686274508,"shrub_fraction":0.0,"shrub_pixel_count":0,"split":"train","total_pixel_count":3612.415686274508,"tree_fraction":0.0,"tree_pixel_count":0}},{"type":"Feature","geometry":{"geodesic":false,"crs":{"type":"name","properties":{"name":"EPSG:32635"}},"type":"Polygon","coordinates":[[[289500.0,5143000.0],[290000.0,5143000.0],[290000.0,5143500.0],[289500.0,5143500.0],[289500.0,5143000.0]]]},"id":"1_1_1_2_579,10286","properties":{"built_fraction":0.007236275320469803,"built_pixel_count":26.219607843137247,"center_lat":46.410092772346864,"center_lon":24.264395413568117,"crop_fraction":0.7249782457173286,"crop_pixel_count":2626.854901960785,"dominant_class_name":"Cropland","dominant_esa_code":40,"dominant_fraction":0.7249782457173286,"dominant_id":3,"dominant_pixel_count":2626.854901960785,"grass_fraction":0.0827247184930884,"grass_pixel_count":299.74117647058824,"ignored_pixel_count":0,"inside_fraction":1.0,"patch_group":"cropland","patch_id":"A_24.26440_46.41009","rand_split":0.4666712930954088,"rand_train_cropland":0.011328231849447534,"region_name":"A","selected_fraction":1.0,"selected_pixel_count":3623.3568627450986,"shrub_fraction":0.0,"shrub_pixel_count":0,"split":"train","total_pixel_count":3623.3568627450986,"tree_fraction":0.18506076046911324,"tree_pixel_count":670.5411764705883}},{"type":"Feature","geometry":{"geodesic":false,"crs":{"type":"name","properties":{"name":"EPSG:32635"}},"type":"Polygon","coordinates":[[[304500.0,5133500.0],[305000.0,5133500.0],[305000.0,5134000.0],[304500.0,5134000.0],[304500.0,5133500.0]]]},"id":"1_1_1_2_609,10267","properties":{"built_fraction":0.0,"built_pixel_count":0,"center_lat":46.32917971624918,"center_lon":24.463320827995833,"crop_fraction":0.7152347161926971,"crop_pixel_count":2588.235294117647,"dominant_class_name":"Cropland","dominant_esa_code":40,"dominant_fraction":0.7152347161926971,"dominant_id":3,"dominant_pixel_count":2588.235294117647,"grass_fraction":0.12460364076144322,"grass_pixel_count":450.9058823529412,"ignored_pixel_count":0,"inside_fraction":1.0,"patch_group":"cropland","patch_id":"A_24.46332_46.32918","rand_split":0.7145885555397419,"rand_train_cropland":0.012180056805809136,"region_name":"A","selected_fraction":1.0,"selected_pixel_count":3618.7215686274512,"shrub_fraction":8.290220574051718E-4,"shrub_pixel_count":3.0,"split":"train","total_pixel_count":3618.7215686274512,"tree_fraction":0.15933262098845444,"tree_pixel_count":576.580392156863}},{"type":"Feature","geometry":{"geodesic":false,"crs":{"type":"name","properties":{"name":"EPSG:32635"}},"type":"Polygon","coordinates":[[[317000.0,5137500.0],[317500.0,5137500.0],[317500.0,5138000.0],[317000.0,5138000.0],[317000.0,5137500.0]]]},"id":"1_1_1_2_634,10275","properties":{"built_fraction":0.001380552935813493,"built_pixel_count":5.0,"center_lat":46.36863433018137,"center_lon":24.624014705125216,"crop_fraction":0.8945777294614327,"crop_pixel_count":3239.925490196076,"dominant_class_name":"Cropland","dominant_esa_code":40,"dominant_fraction":0.8945777294614327,"dominant_id":3,"dominant_pixel_count":3239.925490196076,"grass_fraction":0.08742743976187363,"grass_pixel_count":316.63921568627455,"ignored_pixel_count":0,"inside_fraction":1.0,"patch_group":"cropland","patch_id":"A_24.62401_46.36863","rand_split":0.2001757150179685,"rand_train_cropland":0.015358249925167877,"region_name":"A","selected_fraction":1.0,"selected_pixel_count":3621.7372549019587,"shrub_fraction":0.0,"shrub_pixel_count":0,"split":"train","total_pixel_count":3621.7372549019587,"tree_fraction":0.016614277840880185,"tree_pixel_count":60.17254901960784}},{"type":"Feature","geometry":{"geodesic":false,"crs":{"type":"name","properties":{"name":"EPSG:32635"}},"type":"Polygon","coordinates":[[[269000.0,5131000.0],[269500.0,5131000.0],[269500.0,5131500.0],[269000.0,5131500.0],[269000.0,5131000.0]]]},"id":"1_1_1_2_538,10262","properties":{"built_fraction":0.0,"built_pixel_count":0,"center_lat":46.295555830045835,"center_lon":24.003925756582333,"crop_fraction":0.6023995096842779,"crop_pixel_count":2177.745098039215,"dominant_class_name":"Cropland","dominant_esa_code":40,"dominant_fraction":0.6023995096842779,"dominant_id":3,"dominant_pixel_count":2177.745098039215,"grass_fraction":0.39732387414506615,"grass_pixel_count":1436.3725490196073,"ignored_pixel_count":1.0,"inside_fraction":1.0,"patch_group":"cropland","patch_id":"A_24.00393_46.29556","rand_split":0.4475475559120592,"rand_train_cropland":0.01603764886959591,"region_name":"A","selected_fraction":0.9997233838293441,"selected_pixel_count":3614.1176470588225,"shrub_fraction":0.0,"shrub_pixel_count":0,"split":"train","total_pixel_count":3615.1176470588225,"tree_fraction":0.0,"tree_pixel_count":0}},{"type":"Feature","geometry":{"geodesic":false,"crs":{"type":"name","properties":{"name":"EPSG:32635"}},"type":"Polygon","coordinates":[[[311000.0,5143000.0],[311500.0,5143000.0],[311500.0,5143500.0],[311000.0,5143500.0],[311000.0,5143000.0]]]},"id":"1_1_1_2_622,10286","properties":{"built_fraction":0.0,"built_pixel_count":0,"center_lat":46.416440483083115,"center_lon":24.54385981748534,"crop_fraction":0.5383738178418912,"crop_pixel_count":1951.3686274509787,"dominant_class_name":"Cropland","dominant_esa_code":40,"dominant_fraction":0.5383738178418912,"dominant_id":3,"dominant_pixel_count":1951.3686274509787,"grass_fraction":0.4330888502514977,"grass_pixel_count":1569.7568627450971,"ignored_pixel_count":0,"inside_fraction":1.0,"patch_group":"cropland","patch_id":"A_24.54386_46.41644","rand_split":0.5442674698211628,"rand_train_cropland":0.01646384598817041,"region_name":"A","selected_fraction":1.0,"selected_pixel_count":3624.560784313723,"shrub_fraction":0.0,"shrub_pixel_count":0,"split":"train","total_pixel_count":3624.560784313723,"tree_fraction":0.028537331906611015,"tree_pixel_count":103.43529411764706}},{"type":"Feature","geometry":{"geodesic":false,"crs":{"type":"name","properties":{"name":"EPSG:32635"}},"type":"Polygon","coordinates":[[[294000.0,5123000.0],[294500.0,5123000.0],[294500.0,5123500.0],[294000.0,5123500.0],[294000.0,5123000.0]]]},"id":"1_1_1_2_588,10246","properties":{"built_fraction":0.0,"built_pixel_count":0,"center_lat":46.23167719787438,"center_lon":24.331641815038147,"crop_fraction":0.8501222552289626,"crop_pixel_count":3070.521568627451,"dominant_class_name":"Cropland","dominant_esa_code":40,"dominant_fraction":0.8501222552289626,"dominant_id":3,"dominant_pixel_count":3070.521568627451,"grass_fraction":0.0804267858383712,"grass_pixel_count":290.4901960784314,"ignored_pixel_count":0,"inside_fraction":1.0,"patch_group":"cropland","patch_id":"A_24.33164_46.23168","rand_split":0.7891879066806897,"rand_train_cropland":0.016672769368897167,"region_name":"A","selected_fraction":1.0,"selected_pixel_count":3611.858823529412,"shrub_fraction":0.0,"shrub_pixel_count":0,"split":"train","total_pixel_count":3611.858823529412,"tree_fraction":0.06945095893266624,"tree_pixel_count":250.8470588235294}},{"type":"Feature","geometry":{"geodesic":false,"crs":{"type":"name","properties":{"name":"EPSG:32635"}},"type":"Polygon","coordinates":[[[284500.0,5130000.0],[285000.0,5130000.0],[285000.0,5130500.0],[284500.0,5130500.0],[284500.0,5130000.0]]]},"id":"1_1_2_569,10260","properties":{"built_fraction":0.15165444466257613,"built_pixel_count":548.3176470588235,"center_lat":46.29166117259834,"center_lon":24.20538446978914,"crop_fraction":0.5445529197773034,"crop_pixel_count":1968.870588235295,"dominant_class_name":"Cropland","dominant_esa_code":40,"dominant_fraction":0.5445529197773034,"dominant_id":3,"dominant_pixel_count":1968.870588235295,"grass_fraction":0.237086632876739,"grass_pixel_count":857.2039215686273,"ignored_pixel_count":0,"inside_fraction":1.0,"patch_group":"urban_mixed","patch_id":"A_24.20538_46.29166","rand_split":0.34611389150552807,"rand_train_urban_mixed":4.729010470660988E-6,"region_name":"A","selected_fraction":1.0,"selected_pixel_count":3615.5725490196082,"shrub_fraction":0.0,"shrub_pixel_count":0,"split":"train","total_pixel_count":3615.5725490196082,"tree_fraction":0.06670600268338159,"tree_pixel_count":241.18039215686278}},{"type":"Feature","geometry":{"geodesic":false,"crs":{"type":"name","properties":{"name":"EPSG:32635"}},"type":"Polygon","coordinates":[[[316000.0,5135500.0],[316500.0,5135500.0],[316500.0,5136000.0],[316000.0,5136000.0],[316000.0,5135500.0]]]},"id":"1_1_2_632,10271","properties":{"built_fraction":0.1527846528620991,"built_pixel_count":553.1529411764706,"center_lat":46.35037965389818,"center_lon":24.611808990037783,"crop_fraction":0.04052225848415494,"crop_pixel_count":146.70980392156864,"dominant_class_name":"Tree cover","dominant_esa_code":10,"dominant_fraction":0.5573974162199516,"dominant_id":0,"dominant_pixel_count":2018.0431372549017,"grass_fraction":0.24929567243379433,"grass_pixel_count":902.5686274509804,"ignored_pixel_count":0,"inside_fraction":1.0,"patch_group":"urban_mixed","patch_id":"A_24.61181_46.35038","rand_split":0.6442782016530756,"rand_train_urban_mixed":0.0032818608816809203,"region_name":"A","selected_fraction":1.0,"selected_pixel_count":3620.474509803921,"shrub_fraction":0.0,"shrub_pixel_count":0,"split":"train","total_pixel_count":3620.474509803921,"tree_fraction":0.5573974162199516,"tree_pixel_count":2018.0431372549017}},{"type":"Feature","geometry":{"geodesic":false,"crs":{"type":"name","properties":{"name":"EPSG:32635"}},"type":"Polygon","coordinates":[[[282000.0,5125000.0],[282500.0,5125000.0],[282500.0,5125500.0],[282000.0,5125500.0],[282000.0,5125000.0]]]},"id":"1_1_2_564,10250","properties":{"built_fraction":0.22371814913240595,"built_pixel_count":808.1647058823529,"center_lat":46.2459188054519,"center_lon":24.175278137327982,"crop_fraction":0.5140039601896721,"crop_pixel_count":1856.7999999999981,"dominant_class_name":"Cropland","dominant_esa_code":40,"dominant_fraction":0.5140039601896721,"dominant_id":3,"dominant_pixel_count":1856.7999999999981,"grass_fraction":0.08231831761415949,"grass_pixel_count":297.36862745098045,"ignored_pixel_count":0,"inside_fraction":1.0,"patch_group":"urban_mixed","patch_id":"A_24.17528_46.24592","rand_split":0.15609074872261974,"rand_train_urban_mixed":0.005295023324927928,"region_name":"A","selected_fraction":1.0,"selected_pixel_count":3612.4235294117625,"shrub_fraction":0.0,"shrub_pixel_count":0,"split":"train","total_pixel_count":3612.4235294117625,"tree_fraction":0.17995957306376265,"tree_pixel_count":650.0901960784314}},{"type":"Feature","geometry":{"geodesic":false,"crs":{"type":"name","properties":{"name":"EPSG:32635"}},"type":"Polygon","coordinates":[[[325000.0,5132000.0],[325500.0,5132000.0],[325500.0,5132500.0],[325000.0,5132500.0],[325000.0,5132000.0]]]},"id":"1_1_2_650,10264","properties":{"built_fraction":0.29380212797543265,"built_pixel_count":1063.2745098039215,"center_lat":46.321287594737164,"center_lon":24.729989235686478,"crop_fraction":0.016026457199390155,"crop_pixel_count":58.0,"dominant_class_name":"Tree cover","dominant_esa_code":10,"dominant_fraction":0.4698049193313313,"dominant_id":0,"dominant_pixel_count":1700.2313725490183,"grass_fraction":0.22036649549384577,"grass_pixel_count":797.5098039215687,"ignored_pixel_count":0,"inside_fraction":1.0,"patch_group":"urban_mixed","patch_id":"A_24.72999_46.32129","rand_split":0.4939230896253449,"rand_train_urban_mixed":0.0067379750814896555,"region_name":"A","selected_fraction":1.0,"selected_pixel_count":3619.015686274509,"shrub_fraction":0.0,"shrub_pixel_count":0,"split":"train","total_pixel_count":3619.015686274509,"tree_fraction":0.4698049193313313,"tree_pixel_count":1700.2313725490183}},{"type":"Feature","geometry":{"geodesic":false,"crs":{"type":"name","properties":{"name":"EPSG:32635"}},"type":"Polygon","coordinates":[[[304000.0,5127500.0],[304500.0,5127500.0],[304500.0,5128000.0],[304000.0,5128000.0],[304000.0,5127500.0]]]},"id":"1_1_2_608,10255","properties":{"built_fraction":0.1220097432498544,"built_pixel_count":441.0862745098039,"center_lat":46.275089488776736,"center_lon":24.45932959545993,"crop_fraction":0.09943495225460453,"crop_pixel_count":359.47450980392153,"dominant_class_name":"Tree cover","dominant_esa_code":10,"dominant_fraction":0.518301407249837,"dominant_id":0,"dominant_pixel_count":1873.7490196078425,"grass_fraction":0.26025389724570414,"grass_pixel_count":940.862745098039,"ignored_pixel_count":0,"inside_fraction":1.0,"patch_group":"urban_mixed","patch_id":"A_24.45933_46.27509","rand_split":0.21125547336388606,"rand_train_urban_mixed":0.006959130762805743,"region_name":"A","selected_fraction":1.0,"selected_pixel_count":3615.172549019607,"shrub_fraction":0.0,"shrub_pixel_count":0,"split":"train","total_pixel_count":3615.172549019607,"tree_fraction":0.518301407249837,"tree_pixel_count":1873.7490196078425}},{"type":"Feature","geometry":{"geodesic":false,"crs":{"type":"name","properties":{"name":"EPSG:32635"}},"type":"Polygon","coordinates":[[[282000.0,5125500.0],[282500.0,5125500.0],[282500.0,5126000.0],[282000.0,5126000.0],[282000.0,5125500.0]]]},"id":"1_1_2_564,10251","properties":{"built_fraction":0.17591634744078358,"built_pixel_count":635.5333333333333,"center_lat":46.25041330490422,"center_lon":24.175047230828476,"crop_fraction":0.7104345343607902,"crop_pixel_count":2566.588235294117,"dominant_class_name":"Cropland","dominant_esa_code":40,"dominant_fraction":0.7104345343607902,"dominant_id":3,"dominant_pixel_count":2566.588235294117,"grass_fraction":0.03532525218754309,"grass_pixel_count":127.61960784313726,"ignored_pixel_count":0,"inside_fraction":1.0,"patch_group":"urban_mixed","patch_id":"A_24.17505_46.25041","rand_split":0.25099673971132364,"rand_train_urban_mixed":0.008037888813968275,"region_name":"A","selected_fraction":1.0,"selected_pixel_count":3612.701960784313,"shrub_fraction":0.0,"shrub_pixel_count":0,"split":"train","total_pixel_count":3612.701960784313,"tree_fraction":0.07832386601088318,"tree_pixel_count":282.96078431372547}},{"type":"Feature","geometry":{"geodesic":false,"crs":{"type":"name","properties":{"name":"EPSG:32635"}},"type":"Polygon","coordinates":[[[286500.0,5136000.0],[287000.0,5136000.0],[287000.0,5136500.0],[286500.0,5136500.0],[286500.0,5136000.0]]]},"id":"1_1_2_573,10272","properties":{"built_fraction":0.08277864041270674,"built_pixel_count":299.5882352941177,"center_lat":46.34622846511346,"center_lon":24.228595836047024,"crop_fraction":0.0039625824725344405,"crop_pixel_count":14.341176470588236,"dominant_class_name":"Tree cover","dominant_esa_code":10,"dominant_fraction":0.8205937263986874,"dominant_id":0,"dominant_pixel_count":2969.850980392155,"grass_fraction":0.09266505071607131,"grass_pixel_count":335.3686274509804,"ignored_pixel_count":0,"inside_fraction":1.0,"patch_group":"urban_mixed","patch_id":"A_24.22860_46.34623","rand_split":0.16224468794189062,"rand_train_urban_mixed":0.009703441567944115,"region_name":"A","selected_fraction":1.0,"selected_pixel_count":3619.1490196078416,"shrub_fraction":0.0,"shrub_pixel_count":0,"split":"train","total_pixel_count":3619.1490196078416,"tree_fraction":0.8205937263986874,"tree_pixel_count":2969.850980392155}},{"type":"Feature","geometry":{"geodesic":false,"crs":{"type":"name","properties":{"name":"EPSG:32635"}},"type":"Polygon","coordinates":[[[319000.0,5125500.0],[319500.0,5125500.0],[319500.0,5126000.0],[319000.0,5126000.0],[319000.0,5125500.0]]]},"id":"1_1_2_638,10251","properties":{"built_fraction":0.06102312017696791,"built_pixel_count":220.58039215686273,"center_lat":46.261264116621554,"center_lon":24.65461198295154,"crop_fraction":0.23564766547075183,"crop_pixel_count":851.7960784313726,"dominant_class_name":"Tree cover","dominant_esa_code":10,"dominant_fraction":0.49180416794593745,"dominant_id":0,"dominant_pixel_count":1777.725490196078,"grass_fraction":0.2115250464063427,"grass_pixel_count":764.5999999999999,"ignored_pixel_count":0,"inside_fraction":1.0,"patch_group":"urban_mixed","patch_id":"A_24.65461_46.26126","rand_split":0.7024630036611414,"rand_train_urban_mixed":0.012741096488588122,"region_name":"A","selected_fraction":1.0,"selected_pixel_count":3614.7019607843135,"shrub_fraction":0.0,"shrub_pixel_count":0,"split":"train","total_pixel_count":3614.7019607843135,"tree_fraction":0.49180416794593745,"tree_pixel_count":1777.725490196078}},{"type":"Feature","geometry":{"geodesic":false,"crs":{"type":"name","properties":{"name":"EPSG:32635"}},"type":"Polygon","coordinates":[[[290500.0,5133500.0],[291000.0,5133500.0],[291000.0,5134000.0],[290500.0,5134000.0],[290500.0,5133500.0]]]},"id":"1_1_2_581,10267","properties":{"built_fraction":0.4757990738894041,"built_pixel_count":1721.3999999999987,"center_lat":46.32500189820708,"center_lon":24.28163457207026,"crop_fraction":0.08201129889612474,"crop_pixel_count":296.7098039215686,"dominant_class_name":"Built-up","dominant_esa_code":50,"dominant_fraction":0.4757990738894041,"dominant_id":4,"dominant_pixel_count":1721.3999999999987,"grass_fraction":0.18866793558848788,"grass_pixel_count":682.5843137254903,"ignored_pixel_count":0,"inside_fraction":1.0,"patch_group":"urban_mixed","patch_id":"A_24.28163_46.32500","rand_split":0.48711379655045695,"rand_train_urban_mixed":0.014321147017783975,"region_name":"A","selected_fraction":1.0,"selected_pixel_count":3617.9137254901952,"shrub_fraction":0.0,"shrub_pixel_count":0,"split":"train","total_pixel_count":3617.9137254901952,"tree_fraction":0.25352169162598326,"tree_pixel_count":917.2196078431375}},{"type":"Feature","geometry":{"geodesic":false,"crs":{"type":"name","properties":{"name":"EPSG:32635"}},"type":"Polygon","coordinates":[[[315500.0,5122000.0],[316000.0,5122000.0],[316000.0,5122500.0],[315500.0,5122500.0],[315500.0,5122000.0]]]},"id":"1_1_2_631,10244","properties":{"built_fraction":0.3659673229504656,"built_pixel_count":1322.070588235294,"center_lat":46.228851355379526,"center_lon":24.61060378871464,"crop_fraction":0.4197332383844063,"crop_pixel_count":1516.3019607843132,"dominant_class_name":"Cropland","dominant_esa_code":40,"dominant_fraction":0.4197332383844063,"dominant_id":3,"dominant_pixel_count":1516.3019607843132,"grass_fraction":0.17385097867231442,"grass_pixel_count":628.0431372549019,"ignored_pixel_count":0,"inside_fraction":1.0,"patch_group":"urban_mixed","patch_id":"A_24.61060_46.22885","rand_split":0.21437294458056222,"rand_train_urban_mixed":0.014426282709480542,"region_name":"A","selected_fraction":1.0,"selected_pixel_count":3612.5372549019603,"shrub_fraction":0.0,"shrub_pixel_count":0,"split":"train","total_pixel_count":3612.5372549019603,"tree_fraction":0.04044845999281371,"tree_pixel_count":146.121568627451}},{"type":"Feature","geometry":{"geodesic":false,"crs":{"type":"name","properties":{"name":"EPSG:32635"}},"type":"Polygon","coordinates":[[[323500.0,5141500.0],[324000.0,5141500.0],[324000.0,5142000.0],[323500.0,5142000.0],[323500.0,5141500.0]]]},"id":"1_1_2_647,10283","properties":{"built_fraction":0.05852731169951125,"built_pixel_count":212.12156862745098,"center_lat":46.406328573761236,"center_lon":24.706946511772514,"crop_fraction":0.8377279401342349,"crop_pixel_count":3036.1921568627454,"dominant_class_name":"Cropland","dominant_esa_code":40,"dominant_fraction":0.8377279401342349,"dominant_id":3,"dominant_pixel_count":3036.1921568627454,"grass_fraction":0.02384870823554616,"grass_pixel_count":86.43529411764705,"ignored_pixel_count":0,"inside_fraction":1.0,"patch_group":"urban_mixed","patch_id":"A_24.70695_46.40633","rand_split":0.5480932372621807,"rand_train_urban_mixed":0.01568311567283187,"region_name":"A","selected_fraction":1.0,"selected_pixel_count":3624.3176470588237,"shrub_fraction":0.0,"shrub_pixel_count":0,"split":"train","total_pixel_count":3624.3176470588237,"tree_fraction":0.07989603993070771,"tree_pixel_count":289.5686274509804}},{"type":"Feature","geometry":{"geodesic":false,"crs":{"type":"name","properties":{"name":"EPSG:32635"}},"type":"Polygon","coordinates":[[[309500.0,5122500.0],[310000.0,5122500.0],[310000.0,5123000.0],[309500.0,5123000.0],[309500.0,5122500.0]]]},"id":"1_1_2_619,10245","properties":{"built_fraction":0.10525813003496595,"built_pixel_count":380.24313725490197,"center_lat":46.23169507845304,"center_lon":24.532664931235452,"crop_fraction":0.1264059367139863,"crop_pixel_count":456.63921568627455,"dominant_class_name":"Tree cover","dominant_esa_code":10,"dominant_fraction":0.475574342991566,"dominant_id":0,"dominant_pixel_count":1718.0039215686256,"grass_fraction":0.2927615902594818,"grass_pixel_count":1057.596078431373,"ignored_pixel_count":0,"inside_fraction":1.0,"patch_group":"urban_mixed","patch_id":"A_24.53266_46.23170","rand_split":0.4557601539379703,"rand_train_urban_mixed":0.015967949362671208,"region_name":"A","selected_fraction":1.0,"selected_pixel_count":3612.482352941175,"shrub_fraction":0.0,"shrub_pixel_count":0,"split":"train","total_pixel_count":3612.482352941175,"tree_fraction":0.475574342991566,"tree_pixel_count":1718.0039215686256}},{"type":"Feature","geometry":{"geodesic":false,"crs":{"type":"name","properties":{"name":"EPSG:32635"}},"type":"Polygon","coordinates":[[[287500.0,5143500.0],[288000.0,5143500.0],[288000.0,5144000.0],[287500.0,5144000.0],[287500.0,5143500.0]]]},"id":"1_1_2_575,10287","properties":{"built_fraction":0.15416208073193147,"built_pixel_count":558.6235294117647,"center_lat":46.413962221690745,"center_lon":24.238176579079372,"crop_fraction":0.3696322919067855,"crop_pixel_count":1339.4039215686264,"dominant_class_name":"Cropland","dominant_esa_code":40,"dominant_fraction":0.3696322919067855,"dominant_id":3,"dominant_pixel_count":1339.4039215686264,"grass_fraction":0.17332831180243746,"grass_pixel_count":628.0745098039216,"ignored_pixel_count":0,"inside_fraction":1.0,"patch_group":"urban_mixed","patch_id":"A_24.23818_46.41396","rand_split":0.6477214104305418,"rand_train_urban_mixed":0.01823303014079003,"region_name":"A","selected_fraction":1.0,"selected_pixel_count":3623.6117647058813,"shrub_fraction":0.0,"shrub_pixel_count":0,"split":"train","total_pixel_count":3623.6117647058813,"tree_fraction":0.30287731555884573,"tree_pixel_count":1097.509803921569}},{"type":"Feature","geometry":{"geodesic":false,"crs":{"type":"name","properties":{"name":"EPSG:32635"}},"type":"Polygon","coordinates":[[[316000.0,5121000.0],[316500.0,5121000.0],[316500.0,5121500.0],[316000.0,5121500.0],[316000.0,5121000.0]]]},"id":"1_1_2_632,10242","properties":{"built_fraction":0.08038278343139248,"built_pixel_count":290.33725490196076,"center_lat":46.21999444933903,"center_lon":24.617471460917805,"crop_fraction":0.4922267472854146,"crop_pixel_count":1777.8901960784312,"dominant_class_name":"Cropland","dominant_esa_code":40,"dominant_fraction":0.4922267472854146,"dominant_id":3,"dominant_pixel_count":1777.8901960784312,"grass_fraction":0.41671778624885036,"grass_pixel_count":1505.156862745097,"ignored_pixel_count":29.0,"inside_fraction":1.0,"patch_group":"urban_mixed","patch_id":"A_24.61747_46.21999","rand_split":0.2957544973094812,"rand_train_urban_mixed":0.02172194800657612,"region_name":"A","selected_fraction":0.9919710588973587,"selected_pixel_count":3582.933333333332,"shrub_fraction":0.0,"shrub_pixel_count":0,"split":"train","total_pixel_count":3611.933333333332,"tree_fraction":0.002643741931701344,"tree_pixel_count":9.549019607843137}},{"type":"Feature","geometry":{"geodesic":false,"crs":{"type":"name","properties":{"name":"EPSG:32635"}},"type":"Polygon","coordinates":[[[311000.0,5120500.0],[311500.0,5120500.0],[311500.0,5121000.0],[311000.0,5121000.0],[311000.0,5120500.0]]]},"id":"1_1_2_622,10241","properties":{"built_fraction":0.10488417751484436,"built_pixel_count":378.7725490196078,"center_lat":46.21412957959509,"center_lon":24.552899829668956,"crop_fraction":0.8168590887965146,"crop_pixel_count":2949.956862745096,"dominant_class_name":"Cropland","dominant_esa_code":40,"dominant_fraction":0.8168590887965146,"dominant_id":3,"dominant_pixel_count":2949.956862745096,"grass_fraction":0.054293011558358674,"grass_pixel_count":196.07058823529414,"ignored_pixel_count":6.0,"inside_fraction":1.0,"patch_group":"urban_mixed","patch_id":"A_24.55290_46.21413","rand_split":0.0679850359917531,"rand_train_urban_mixed":0.022201653014199185,"region_name":"A","selected_fraction":0.9983385673890098,"selected_pixel_count":3605.341176470586,"shrub_fraction":0.0,"shrub_pixel_count":0,"split":"train","total_pixel_count":3611.341176470586,"tree_fraction":0.022302289519292175,"tree_pixel_count":80.54117647058823}},{"type":"Feature","geometry":{"geodesic":false,"crs":{"type":"name","properties":{"name":"EPSG:32635"}},"type":"Polygon","coordinates":[[[290500.0,5135500.0],[291000.0,5135500.0],[291000.0,5136000.0],[290500.0,5136000.0],[290500.0,5135500.0]]]},"id":"1_1_2_581,10271","properties":{"built_fraction":0.08887995544353838,"built_pixel_count":321.66666666666674,"center_lat":46.34298123855478,"center_lon":24.280742920728287,"crop_fraction":0.021648675767222837,"crop_pixel_count":78.34901960784315,"dominant_class_name":"Grassland","dominant_esa_code":30,"dominant_fraction":0.5337695069966215,"dominant_id":2,"dominant_pixel_count":1931.7725490196076,"grass_fraction":0.5337695069966215,"grass_pixel_count":1931.7725490196076,"ignored_pixel_count":0,"inside_fraction":1.0,"patch_group":"urban_mixed","patch_id":"A_24.28074_46.34298","rand_split":0.4223511867327524,"rand_train_urban_mixed":0.022996593115514607,"region_name":"A","selected_fraction":1.0,"selected_pixel_count":3619.113725490195,"shrub_fraction":0.0,"shrub_pixel_count":0,"split":"train","total_pixel_count":3619.113725490195,"tree_fraction":0.3557018617926172,"tree_pixel_count":1287.3254901960772}},{"type":"Feature","geometry":{"geodesic":false,"crs":{"type":"name","properties":{"name":"EPSG:32635"}},"type":"Polygon","coordinates":[[[340000.0,5141000.0],[340500.0,5141000.0],[340500.0,5141500.0],[340000.0,5141500.0],[340000.0,5141000.0]]]},"id":"1_1_2_680,10282","properties":{"built_fraction":0.21010460764829167,"built_pixel_count":761.5764705882353,"center_lat":46.40593369637854,"center_lon":24.921635105675588,"crop_fraction":0.037962330860500444,"crop_pixel_count":137.60392156862747,"dominant_class_name":"Tree cover","dominant_esa_code":10,"dominant_fraction":0.6314984891448873,"dominant_id":0,"dominant_pixel_count":2289.023529411763,"grass_fraction":0.12043457234632074,"grass_pixel_count":436.5450980392157,"ignored_pixel_count":0,"inside_fraction":1.0,"patch_group":"urban_mixed","patch_id":"A_24.92164_46.40593","rand_split":0.45473542940758405,"rand_train_urban_mixed":0.0241959263190491,"region_name":"A","selected_fraction":1.0,"selected_pixel_count":3624.749019607841,"shrub_fraction":0.0,"shrub_pixel_count":0,"split":"train","total_pixel_count":3624.749019607841,"tree_fraction":0.6314984891448873,"tree_pixel_count":2289.023529411763}},{"type":"Feature","geometry":{"geodesic":false,"crs":{"type":"name","properties":{"name":"EPSG:32635"}},"type":"Polygon","coordinates":[[[325500.0,5139500.0],[326000.0,5139500.0],[326000.0,5140000.0],[325500.0,5140000.0],[325500.0,5139500.0]]]},"id":"1_1_2_651,10279","properties":{"built_fraction":0.1942094331842274,"built_pixel_count":703.6862745098041,"center_lat":46.38886187557028,"center_lon":24.733691252116593,"crop_fraction":0.45329460112062203,"crop_pixel_count":1642.4392156862737,"dominant_class_name":"Cropland","dominant_esa_code":40,"dominant_fraction":0.45329460112062203,"dominant_id":3,"dominant_pixel_count":1642.4392156862737,"grass_fraction":0.1731065824919287,"grass_pixel_count":627.2235294117646,"ignored_pixel_count":0,"inside_fraction":1.0,"patch_group":"urban_mixed","patch_id":"A_24.73369_46.38886","rand_split":0.7371383154566242,"rand_train_urban_mixed":0.02420481323653978,"region_name":"A","selected_fraction":1.0,"selected_pixel_count":3623.33725490196,"shrub_fraction":0.0,"shrub_pixel_count":0,"split":"train","total_pixel_count":3623.33725490196,"tree_fraction":0.17938938320322187,"tree_pixel_count":649.9882352941177}},{"type":"Feature","geometry":{"geodesic":false,"crs":{"type":"name","properties":{"name":"EPSG:32635"}},"type":"Polygon","coordinates":[[[292500.0,5134000.0],[293000.0,5134000.0],[293000.0,5134500.0],[292500.0,5134500.0],[292500.0,5134000.0]]]},"id":"1_1_2_585,10268","properties":{"built_fraction":0.46924699297910194,"built_pixel_count":1697.8901960784303,"center_lat":46.33011132250463,"center_lon":24.30736655138839,"crop_fraction":0.33474228167261677,"crop_pixel_count":1211.2078431372545,"dominant_class_name":"Built-up","dominant_esa_code":50,"dominant_fraction":0.46924699297910194,"dominant_id":4,"dominant_pixel_count":1697.8901960784303,"grass_fraction":0.09798693796508846,"grass_pixel_count":354.54901960784315,"ignored_pixel_count":21.0,"inside_fraction":1.0,"patch_group":"urban_mixed","patch_id":"A_24.30737_46.33011","rand_split":0.35809071380337765,"rand_train_urban_mixed":0.02466179740493013,"region_name":"A","selected_fraction":0.994196216648567,"selected_pixel_count":3597.3294117647047,"shrub_fraction":0.0,"shrub_pixel_count":0,"split":"train","total_pixel_count":3618.3294117647047,"tree_fraction":0.09222000403175988,"tree_pixel_count":333.6823529411764}},{"type":"Feature","geometry":{"geodesic":false,"crs":{"type":"name","properties":{"name":"EPSG:32635"}},"type":"Polygon","coordinates":[[[318500.0,5133500.0],[319000.0,5133500.0],[319000.0,5134000.0],[318500.0,5134000.0],[318500.0,5133500.0]]]},"id":"1_1_2_637,10267","properties":{"built_fraction":0.2109198428537687,"built_pixel_count":763.4156862745098,"center_lat":46.33306905826021,"center_lon":24.645046009296237,"crop_fraction":0.03217900628628266,"crop_pixel_count":116.47058823529414,"dominant_class_name":"Tree cover","dominant_esa_code":10,"dominant_fraction":0.429297197501089,"dominant_id":0,"dominant_pixel_count":1553.8235294117646,"grass_fraction":0.32760395335885967,"grass_pixel_count":1185.749019607842,"ignored_pixel_count":0,"inside_fraction":1.0,"patch_group":"urban_mixed","patch_id":"A_24.64505_46.33307","rand_split":0.549972531372208,"rand_train_urban_mixed":0.02520974556983757,"region_name":"A","selected_fraction":1.0,"selected_pixel_count":3619.4588235294104,"shrub_fraction":0.0,"shrub_pixel_count":0,"split":"train","total_pixel_count":3619.4588235294104,"tree_fraction":0.429297197501089,"tree_pixel_count":1553.8235294117646}},{"type":"Feature","geometry":{"geodesic":false,"crs":{"type":"name","properties":{"name":"EPSG:32635"}},"type":"Polygon","coordinates":[[[315000.0,5129000.0],[315500.0,5129000.0],[315500.0,5129500.0],[315000.0,5129500.0],[315000.0,5129000.0]]]},"id":"1_1_2_630,10258","properties":{"built_fraction":0.1569650311737599,"built_pixel_count":567.6901960784314,"center_lat":46.29166000989296,"center_lon":24.601380596028598,"crop_fraction":0.1876291677961508,"crop_pixel_count":678.5921568627451,"dominant_class_name":"Tree cover","dominant_esa_code":10,"dominant_fraction":0.5508528056383843,"dominant_id":0,"dominant_pixel_count":1992.2509803921557,"grass_fraction":0.1045529953917051,"grass_pixel_count":378.13333333333327,"ignored_pixel_count":0,"inside_fraction":1.0,"patch_group":"urban_mixed","patch_id":"A_24.60138_46.29166","rand_split":0.7955887696950791,"rand_train_urban_mixed":0.026401566772539464,"region_name":"A","selected_fraction":1.0,"selected_pixel_count":3616.666666666665,"shrub_fraction":0.0,"shrub_pixel_count":0,"split":"train","total_pixel_count":3616.666666666665,"tree_fraction":0.5508528056383843,"tree_pixel_count":1992.2509803921557}},{"type":"Feature","geometry":{"geodesic":false,"crs":{"type":"name","properties":{"name":"EPSG:32635"}},"type":"Polygon","coordinates":[[[292000.0,5129000.0],[292500.0,5129000.0],[292500.0,5129500.0],[292000.0,5129500.0],[292000.0,5129000.0]]]},"id":"1_1_2_584,10258","properties":{"built_fraction":0.08411375119042197,"built_pixel_count":304.1098039215686,"center_lat":46.2850088956317,"center_lon":24.303087815925725,"crop_fraction":0.5652058372435576,"crop_pixel_count":2043.4784313725484,"dominant_class_name":"Cropland","dominant_esa_code":40,"dominant_fraction":0.5652058372435576,"dominant_id":3,"dominant_pixel_count":2043.4784313725484,"grass_fraction":0.2380171420761827,"grass_pixel_count":860.5411764705881,"ignored_pixel_count":0,"inside_fraction":1.0,"patch_group":"urban_mixed","patch_id":"A_24.30309_46.28501","rand_split":0.21686011398012706,"rand_train_urban_mixed":0.029968732760814354,"region_name":"A","selected_fraction":1.0,"selected_pixel_count":3615.458823529411,"shrub_fraction":0.0,"shrub_pixel_count":0,"split":"train","total_pixel_count":3615.458823529411,"tree_fraction":0.11266326948983778,"tree_pixel_count":407.32941176470587}},{"type":"Feature","geometry":{"geodesic":false,"crs":{"type":"name","properties":{"name":"EPSG:32635"}},"type":"Polygon","coordinates":[[[272000.0,5142000.0],[272500.0,5142000.0],[272500.0,5142500.0],[272000.0,5142500.0],[272000.0,5142000.0]]]},"id":"1_1_2_544,10284","properties":{"built_fraction":0.09147094777713657,"built_pixel_count":331.2901960784314,"center_lat":46.395434905027706,"center_lon":24.03748419152214,"crop_fraction":0.23769409925278362,"crop_pixel_count":860.8823529411766,"dominant_class_name":"Tree cover","dominant_esa_code":10,"dominant_fraction":0.4500482372036063,"dominant_id":0,"dominant_pixel_count":1629.9882352941165,"grass_fraction":0.2207867157664735,"grass_pixel_count":799.6470588235293,"ignored_pixel_count":0,"inside_fraction":1.0,"patch_group":"urban_mixed","patch_id":"A_24.03748_46.39543","rand_split":0.43006157323026395,"rand_train_urban_mixed":0.032313323201439426,"region_name":"A","selected_fraction":1.0,"selected_pixel_count":3621.8078431372537,"shrub_fraction":0.0,"shrub_pixel_count":0,"split":"train","total_pixel_count":3621.8078431372537,"tree_fraction":0.4500482372036063,"tree_pixel_count":1629.9882352941165}},{"type":"Feature","geometry":{"geodesic":false,"crs":{"type":"name","properties":{"name":"EPSG:32635"}},"type":"Polygon","coordinates":[[[292500.0,5133500.0],[293000.0,5133500.0],[293000.0,5134000.0],[292500.0,5134000.0],[292500.0,5133500.0]]]},"id":"1_1_2_585,10267","properties":{"built_fraction":0.2040280997952458,"built_pixel_count":738.1568627450981,"center_lat":46.325616385106365,"center_lon":24.307587263286067,"crop_fraction":0.3698932004001869,"crop_pixel_count":1338.2431372549013,"dominant_class_name":"Grassland","dominant_esa_code":30,"dominant_fraction":0.4079174565804834,"dominant_id":2,"dominant_pixel_count":1475.8117647058814,"grass_fraction":0.4079174565804834,"grass_pixel_count":1475.8117647058814,"ignored_pixel_count":15.596078431372549,"inside_fraction":1.0,"patch_group":"urban_mixed","patch_id":"A_24.30759_46.32562","rand_split":0.5698954287744682,"rand_train_urban_mixed":0.032777303469968544,"region_name":"A","selected_fraction":0.9956892113218632,"selected_pixel_count":3602.321568627449,"shrub_fraction":0.0,"shrub_pixel_count":0,"split":"train","total_pixel_count":3617.9176470588213,"tree_fraction":0.013850454545947249,"tree_pixel_count":50.10980392156863}},{"type":"Feature","geometry":{"geodesic":false,"crs":{"type":"name","properties":{"name":"EPSG:32635"}},"type":"Polygon","coordinates":[[[330500.0,5121500.0],[331000.0,5121500.0],[331000.0,5122000.0],[330500.0,5122000.0],[330500.0,5121500.0]]]},"id":"1_1_2_661,10243","properties":{"built_fraction":0.37428456993874903,"built_pixel_count":1352.2666666666642,"center_lat":46.228253790257064,"center_lon":24.805155212336533,"crop_fraction":0.025738658133787205,"crop_pixel_count":92.9921568627451,"dominant_class_name":"Tree cover","dominant_esa_code":10,"dominant_fraction":0.44194121560969923,"dominant_id":0,"dominant_pixel_count":1596.7058823529414,"grass_fraction":0.13115611761219764,"grass_pixel_count":473.8588235294118,"ignored_pixel_count":97.11372549019607,"inside_fraction":1.0,"patch_group":"urban_mixed","patch_id":"A_24.80516_46.22825","rand_split":0.7224672726738051,"rand_train_urban_mixed":0.03482186634887241,"region_name":"A","selected_fraction":0.9731205612944333,"selected_pixel_count":3515.8235294117626,"shrub_fraction":0.0,"shrub_pixel_count":0,"split":"train","total_pixel_count":3612.9372549019586,"tree_fraction":0.44194121560969923,"tree_pixel_count":1596.7058823529414}},{"type":"Feature","geometry":{"geodesic":false,"crs":{"type":"name","properties":{"name":"EPSG:32635"}},"type":"Polygon","coordinates":[[[326000.0,5121500.0],[326500.0,5121500.0],[326500.0,5122000.0],[326000.0,5122000.0],[326000.0,5121500.0]]]},"id":"1_1_2_652,10243","properties":{"built_fraction":0.059334673567570384,"built_pixel_count":214.35686274509806,"center_lat":46.2271189047731,"center_lon":24.74684414342374,"crop_fraction":0.4531942008093509,"crop_pixel_count":1637.243137254902,"dominant_class_name":"Cropland","dominant_esa_code":40,"dominant_fraction":0.4531942008093509,"dominant_id":3,"dominant_pixel_count":1637.243137254902,"grass_fraction":0.37732731819997567,"grass_pixel_count":1363.1607843137256,"ignored_pixel_count":0,"inside_fraction":1.0,"patch_group":"urban_mixed","patch_id":"A_24.74684_46.22712","rand_split":0.7289048182134222,"rand_train_urban_mixed":0.03787888675495055,"region_name":"A","selected_fraction":1.0,"selected_pixel_count":3612.674509803922,"shrub_fraction":0.0,"shrub_pixel_count":0,"split":"train","total_pixel_count":3612.674509803922,"tree_fraction":0.11014380742310297,"tree_pixel_count":397.9137254901961}},{"type":"Feature","geometry":{"geodesic":false,"crs":{"type":"name","properties":{"name":"EPSG:32635"}},"type":"Polygon","coordinates":[[[285500.0,5131000.0],[286000.0,5131000.0],[286000.0,5131500.0],[285500.0,5131500.0],[285500.0,5131000.0]]]},"id":"1_1_2_571,10262","properties":{"built_fraction":0.10529854541865978,"built_pixel_count":380.7764705882353,"center_lat":46.30096688412361,"center_lon":24.217896441768506,"crop_fraction":0.6794509614248022,"crop_pixel_count":2457.0039215686284,"dominant_class_name":"Cropland","dominant_esa_code":40,"dominant_fraction":0.6794509614248022,"dominant_id":3,"dominant_pixel_count":2457.0039215686284,"grass_fraction":0.03401397430489056,"grass_pixel_count":123.0,"ignored_pixel_count":0,"inside_fraction":1.0,"patch_group":"urban_mixed","patch_id":"A_24.21790_46.30097","rand_split":0.8176746974459566,"rand_train_urban_mixed":0.04183824166178329,"region_name":"A","selected_fraction":1.0,"selected_pixel_count":3616.1607843137267,"shrub_fraction":0.0,"shrub_pixel_count":0,"split":"train","total_pixel_count":3616.1607843137267,"tree_fraction":0.18123651885164738,"tree_pixel_count":655.3803921568627}},{"type":"Feature","geometry":{"geodesic":false,"crs":{"type":"name","properties":{"name":"EPSG:32635"}},"type":"Polygon","coordinates":[[[268000.0,5124000.0],[268500.0,5124000.0],[268500.0,5124500.0],[268000.0,5124500.0],[268000.0,5124000.0]]]},"id":"1_1_2_536,10248","properties":{"built_fraction":0.18403750667900387,"built_pixel_count":664.5529411764707,"center_lat":46.23230243771915,"center_lon":23.99440304631648,"crop_fraction":0.6066566318706857,"crop_pixel_count":2190.6156862745092,"dominant_class_name":"Cropland","dominant_esa_code":40,"dominant_fraction":0.6066566318706857,"dominant_id":3,"dominant_pixel_count":2190.6156862745092,"grass_fraction":0.021628026186039043,"grass_pixel_count":78.09803921568628,"ignored_pixel_count":0,"inside_fraction":1.0,"patch_group":"urban_mixed","patch_id":"A_23.99440_46.23230","rand_split":0.3531382718485533,"rand_train_urban_mixed":0.04583222849402235,"region_name":"A","selected_fraction":1.0,"selected_pixel_count":3610.964705882352,"shrub_fraction":0.0,"shrub_pixel_count":0,"split":"train","total_pixel_count":3610.964705882352,"tree_fraction":0.18767783526427134,"tree_pixel_count":677.6980392156861}},{"type":"Feature","geometry":{"geodesic":false,"crs":{"type":"name","properties":{"name":"EPSG:32635"}},"type":"Polygon","coordinates":[[[323000.0,5121500.0],[323500.0,5121500.0],[323500.0,5122000.0],[323000.0,5122000.0],[323000.0,5121500.0]]]},"id":"1_1_2_646,10243","properties":{"built_fraction":0.2786852503147931,"built_pixel_count":1006.807843137255,"center_lat":46.22634580465328,"center_lon":24.707972067383906,"crop_fraction":0.6861729842386348,"crop_pixel_count":2478.9411764705883,"dominant_class_name":"Cropland","dominant_esa_code":40,"dominant_fraction":0.6861729842386348,"dominant_id":3,"dominant_pixel_count":2478.9411764705883,"grass_fraction":0.014012635143936433,"grass_pixel_count":50.62352941176471,"ignored_pixel_count":0,"inside_fraction":1.0,"patch_group":"urban_mixed","patch_id":"A_24.70797_46.22635","rand_split":0.7065311285524184,"rand_train_urban_mixed":0.046465320318477166,"region_name":"A","selected_fraction":1.0,"selected_pixel_count":3612.7058823529414,"shrub_fraction":0.0,"shrub_pixel_count":0,"split":"train","total_pixel_count":3612.7058823529414,"tree_fraction":0.021129130302635576,"tree_pixel_count":76.33333333333333}},{"type":"Feature","geometry":{"geodesic":false,"crs":{"type":"name","properties":{"name":"EPSG:32635"}},"type":"Polygon","coordinates":[[[305500.0,5137500.0],[306000.0,5137500.0],[306000.0,5138000.0],[305500.0,5138000.0],[305500.0,5137500.0]]]},"id":"1_1_2_611,10275","properties":{"built_fraction":0.07545420677346415,"built_pixel_count":273.2235294117647,"center_lat":46.365431283090125,"center_lon":24.474643207264812,"crop_fraction":0.4236263331629422,"crop_pixel_count":1533.9725490196051,"dominant_class_name":"Cropland","dominant_esa_code":40,"dominant_fraction":0.4236263331629422,"dominant_id":3,"dominant_pixel_count":1533.9725490196051,"grass_fraction":0.29046923870006347,"grass_pixel_count":1051.8039215686274,"ignored_pixel_count":0,"inside_fraction":1.0,"patch_group":"urban_mixed","patch_id":"A_24.47464_46.36543","rand_split":0.5102569046166088,"rand_train_urban_mixed":0.047382464781678624,"region_name":"A","selected_fraction":1.0,"selected_pixel_count":3621.050980392154,"shrub_fraction":0.0,"shrub_pixel_count":0,"split":"train","total_pixel_count":3621.050980392154,"tree_fraction":0.21045022136353017,"tree_pixel_count":762.0509803921568}},{"type":"Feature","geometry":{"geodesic":false,"crs":{"type":"name","properties":{"name":"EPSG:32635"}},"type":"Polygon","coordinates":[[[329500.0,5133000.0],[330000.0,5133000.0],[330000.0,5133500.0],[329500.0,5133500.0],[329500.0,5133000.0]]]},"id":"1_2_1_1_1_659,10266","properties":{"built_fraction":0.0,"built_pixel_count":0,"center_lat":46.33142594388412,"center_lon":24.788036964958195,"crop_fraction":0.0,"crop_pixel_count":0,"dominant_class_name":"Tree cover","dominant_esa_code":10,"dominant_fraction":0.7104057740518687,"dominant_id":0,"dominant_pixel_count":2571.4627450980406,"grass_fraction":0.2895942259481314,"grass_pixel_count":1048.2470588235294,"ignored_pixel_count":0,"inside_fraction":1.0,"patch_group":"tree","patch_id":"A_24.78804_46.33143","rand_split":0.9617654671191878,"rand_valid_tree":0.007628792185032762,"region_name":"A","selected_fraction":1.0,"selected_pixel_count":3619.70980392157,"shrub_fraction":0.0,"shrub_pixel_count":0,"split":"valid","total_pixel_count":3619.70980392157,"tree_fraction":0.7104057740518687,"tree_pixel_count":2571.4627450980406}},{"type":"Feature","geometry":{"geodesic":false,"crs":{"type":"name","properties":{"name":"EPSG:32635"}},"type":"Polygon","coordinates":[[[329000.0,5135500.0],[329500.0,5135500.0],[329500.0,5136000.0],[329000.0,5136000.0],[329000.0,5135500.0]]]},"id":"1_2_1_1_1_658,10271","properties":{"built_fraction":0.00733714251059147,"built_pixel_count":26.568627450980394,"center_lat":46.35378273922796,"center_lon":24.780635670516208,"crop_fraction":0.011213103107699495,"crop_pixel_count":40.603921568627456,"dominant_class_name":"Tree cover","dominant_esa_code":10,"dominant_fraction":0.5824857264150127,"dominant_id":0,"dominant_pixel_count":2109.247058823532,"grass_fraction":0.3989640279666963,"grass_pixel_count":1444.6941176470598,"ignored_pixel_count":0,"inside_fraction":1.0,"patch_group":"tree","patch_id":"A_24.78064_46.35378","rand_split":0.9137166253312968,"rand_valid_tree":0.014490383333699453,"region_name":"A","selected_fraction":1.0,"selected_pixel_count":3621.1137254901996,"shrub_fraction":0.0,"shrub_pixel_count":0,"split":"valid","total_pixel_count":3621.1137254901996,"tree_fraction":0.5824857264150127,"tree_pixel_count":2109.247058823532}},{"type":"Feature","geometry":{"geodesic":false,"crs":{"type":"name","properties":{"name":"EPSG:32635"}},"type":"Polygon","coordinates":[[[304000.0,5121000.0],[304500.0,5121000.0],[304500.0,5121500.0],[304000.0,5121500.0],[304000.0,5121000.0]]]},"id":"1_2_1_1_1_608,10242","properties":{"built_fraction":0.0,"built_pixel_count":0,"center_lat":46.2166473092241,"center_lon":24.462027972467016,"crop_fraction":0.21930497066942342,"crop_pixel_count":791.9764705882352,"dominant_class_name":"Tree cover","dominant_esa_code":10,"dominant_fraction":0.5382144509285663,"dominant_id":0,"dominant_pixel_count":1943.6549019607844,"grass_fraction":0.24248057840201023,"grass_pixel_count":875.6705882352941,"ignored_pixel_count":0,"inside_fraction":1.0,"patch_group":"tree","patch_id":"A_24.46203_46.21665","rand_split":0.9942494838964135,"rand_valid_tree":0.015300308700616272,"region_name":"A","selected_fraction":1.0,"selected_pixel_count":3611.301960784314,"shrub_fraction":0.0,"shrub_pixel_count":0,"split":"valid","total_pixel_count":3611.301960784314,"tree_fraction":0.5382144509285663,"tree_pixel_count":1943.6549019607844}},{"type":"Feature","geometry":{"geodesic":false,"crs":{"type":"name","properties":{"name":"EPSG:32635"}},"type":"Polygon","coordinates":[[[326000.0,5136500.0],[326500.0,5136500.0],[326500.0,5137000.0],[326000.0,5137000.0],[326000.0,5136500.0]]]},"id":"1_2_1_1_1_652,10273","properties":{"built_fraction":0.0,"built_pixel_count":0,"center_lat":46.36201229628934,"center_lon":24.741302282532487,"crop_fraction":0.0,"crop_pixel_count":0,"dominant_class_name":"Tree cover","dominant_esa_code":10,"dominant_fraction":0.9998310735815324,"dominant_id":0,"dominant_pixel_count":3620.8745098039194,"grass_fraction":1.6892641846755595E-4,"grass_pixel_count":0.611764705882353,"ignored_pixel_count":0,"inside_fraction":1.0,"patch_group":"tree","patch_id":"A_24.74130_46.36201","rand_split":0.8548538619022883,"rand_valid_tree":0.015919734033330912,"region_name":"A","selected_fraction":1.0,"selected_pixel_count":3621.4862745098017,"shrub_fraction":0.0,"shrub_pixel_count":0,"split":"valid","total_pixel_count":3621.4862745098017,"tree_fraction":0.9998310735815324,"tree_pixel_count":3620.8745098039194}},{"type":"Feature","geometry":{"geodesic":false,"crs":{"type":"name","properties":{"name":"EPSG:32635"}},"type":"Polygon","coordinates":[[[287500.0,5141500.0],[288000.0,5141500.0],[288000.0,5142000.0],[287500.0,5142000.0],[287500.0,5141500.0]]]},"id":"1_2_1_1_1_575,10283","properties":{"built_fraction":0.0,"built_pixel_count":0,"center_lat":46.3959837455504,"center_lon":24.239084422312978,"crop_fraction":0.2637333134138988,"crop_pixel_count":955.3568627450982,"dominant_class_name":"Tree cover","dominant_esa_code":10,"dominant_fraction":0.7347900502424433,"dominant_id":0,"dominant_pixel_count":2661.729411764706,"grass_fraction":0.0014766363436578794,"grass_pixel_count":5.349019607843138,"ignored_pixel_count":0,"inside_fraction":1.0,"patch_group":"tree","patch_id":"A_24.23908_46.39598","rand_split":0.87762643321608,"rand_valid_tree":0.02168482996857557,"region_name":"A","selected_fraction":1.0,"selected_pixel_count":3622.4352941176476,"shrub_fraction":0.0,"shrub_pixel_count":0,"split":"valid","total_pixel_count":3622.4352941176476,"tree_fraction":0.7347900502424433,"tree_pixel_count":2661.729411764706}},{"type":"Feature","geometry":{"geodesic":false,"crs":{"type":"name","properties":{"name":"EPSG:32635"}},"type":"Polygon","coordinates":[[[331000.0,5117500.0],[331500.0,5117500.0],[331500.0,5118000.0],[331000.0,5118000.0],[331000.0,5117500.0]]]},"id":"1_2_1_1_1_662,10235","properties":{"built_fraction":0.0,"built_pixel_count":0,"center_lat":46.19240428563835,"center_lon":24.81306335819789,"crop_fraction":0.0,"crop_pixel_count":0,"dominant_class_name":"Tree cover","dominant_esa_code":10,"dominant_fraction":1.0,"dominant_id":0,"dominant_pixel_count":3610.6549019607833,"grass_fraction":0.0,"grass_pixel_count":0,"ignored_pixel_count":0,"inside_fraction":1.0,"patch_group":"tree","patch_id":"A_24.81306_46.19240","rand_split":0.9574439120605365,"rand_valid_tree":0.025481813508306028,"region_name":"A","selected_fraction":1.0,"selected_pixel_count":3610.6549019607833,"shrub_fraction":0.0,"shrub_pixel_count":0,"split":"valid","total_pixel_count":3610.6549019607833,"tree_fraction":1.0,"tree_pixel_count":3610.6549019607833}},{"type":"Feature","geometry":{"geodesic":false,"crs":{"type":"name","properties":{"name":"EPSG:32635"}},"type":"Polygon","coordinates":[[[275500.0,5130500.0],[276000.0,5130500.0],[276000.0,5131000.0],[275500.0,5131000.0],[275500.0,5130500.0]]]},"id":"1_2_1_1_1_551,10261","properties":{"built_fraction":0.0,"built_pixel_count":0,"center_lat":46.29324107756117,"center_lon":24.088448273685678,"crop_fraction":0.0,"crop_pixel_count":0,"dominant_class_name":"Tree cover","dominant_esa_code":10,"dominant_fraction":0.8361460028202625,"dominant_id":0,"dominant_pixel_count":3022.913725490196,"grass_fraction":0.16302418917453088,"grass_pixel_count":589.3803921568629,"ignored_pixel_count":0,"inside_fraction":1.0,"patch_group":"tree","patch_id":"A_24.08845_46.29324","rand_split":0.9745813289458009,"rand_valid_tree":0.025715739106304425,"region_name":"A","selected_fraction":1.0,"selected_pixel_count":3615.294117647059,"shrub_fraction":8.298080052066384E-4,"shrub_pixel_count":3.0,"split":"valid","total_pixel_count":3615.294117647059,"tree_fraction":0.8361460028202625,"tree_pixel_count":3022.913725490196}},{"type":"Feature","geometry":{"geodesic":false,"crs":{"type":"name","properties":{"name":"EPSG:32635"}},"type":"Polygon","coordinates":[[[321000.0,5127500.0],[321500.0,5127500.0],[321500.0,5128000.0],[321000.0,5128000.0],[321000.0,5127500.0]]]},"id":"1_2_1_1_1_642,10255","properties":{"built_fraction":0.0,"built_pixel_count":0,"center_lat":46.279778440666774,"center_lon":24.679782792617626,"crop_fraction":0.0015204754468158938,"crop_pixel_count":5.4980392156862745,"dominant_class_name":"Tree cover","dominant_esa_code":10,"dominant_fraction":0.9576641939961826,"dominant_id":0,"dominant_pixel_count":3462.913725490198,"grass_fraction":0.04081533055700155,"grass_pixel_count":147.58823529411768,"ignored_pixel_count":0,"inside_fraction":1.0,"patch_group":"tree","patch_id":"A_24.67978_46.27978","rand_split":0.861352094935664,"rand_valid_tree":0.026720654628401452,"region_name":"A","selected_fraction":1.0,"selected_pixel_count":3616.000000000002,"shrub_fraction":0.0,"shrub_pixel_count":0,"split":"valid","total_pixel_count":3616.000000000002,"tree_fraction":0.9576641939961826,"tree_pixel_count":3462.913725490198}},{"type":"Feature","geometry":{"geodesic":false,"crs":{"type":"name","properties":{"name":"EPSG:32635"}},"type":"Polygon","coordinates":[[[337500.0,5124500.0],[338000.0,5124500.0],[338000.0,5125000.0],[337500.0,5125000.0],[337500.0,5124500.0]]]},"id":"1_2_1_1_2_675,10249","properties":{"built_fraction":0.0027661226986943907,"built_pixel_count":10.0,"center_lat":46.25694172637574,"center_lon":24.89483593256284,"crop_fraction":0.05954865555589305,"crop_pixel_count":215.27843137254902,"dominant_class_name":"Grassland","dominant_esa_code":30,"dominant_fraction":0.5380976452160179,"dominant_id":2,"dominant_pixel_count":1945.3137254901953,"grass_fraction":0.5380976452160179,"grass_pixel_count":1945.3137254901953,"ignored_pixel_count":1.0,"inside_fraction":1.0,"patch_group":"grassland","patch_id":"A_24.89484_46.25694","rand_split":0.9102161360941595,"rand_valid_grassland":0.006803229667387889,"region_name":"A","selected_fraction":0.9997233877301306,"selected_pixel_count":3614.1686274509793,"shrub_fraction":0.0,"shrub_pixel_count":0,"split":"valid","total_pixel_count":3615.1686274509793,"tree_fraction":0.39931096425952517,"tree_pixel_count":1443.5764705882348}},{"type":"Feature","geometry":{"geodesic":false,"crs":{"type":"name","properties":{"name":"EPSG:32635"}},"type":"Polygon","coordinates":[[[290000.0,5135000.0],[290500.0,5135000.0],[290500.0,5135500.0],[290000.0,5135500.0],[290000.0,5135000.0]]]},"id":"1_2_1_1_2_580,10270","properties":{"built_fraction":0.016272391334973282,"built_pixel_count":58.88627450980392,"center_lat":46.3383317967063,"center_lon":24.274476282201352,"crop_fraction":0.02175792975649931,"crop_pixel_count":78.7372549019608,"dominant_class_name":"Grassland","dominant_esa_code":30,"dominant_fraction":0.8313256537240324,"dominant_id":2,"dominant_pixel_count":3008.388235294118,"grass_fraction":0.8313256537240324,"grass_pixel_count":3008.388235294118,"ignored_pixel_count":0,"inside_fraction":1.0,"patch_group":"grassland","patch_id":"A_24.27448_46.33833","rand_split":0.8839937480426808,"rand_valid_grassland":0.015785182499767125,"region_name":"A","selected_fraction":1.0,"selected_pixel_count":3618.7843137254913,"shrub_fraction":0.0,"shrub_pixel_count":0,"split":"valid","total_pixel_count":3618.7843137254913,"tree_fraction":0.1306440251844948,"tree_pixel_count":472.7725490196078}},{"type":"Feature","geometry":{"geodesic":false,"crs":{"type":"name","properties":{"name":"EPSG:32635"}},"type":"Polygon","coordinates":[[[282500.0,5132000.0],[283000.0,5132000.0],[283000.0,5132500.0],[282500.0,5132500.0],[282500.0,5132000.0]]]},"id":"1_2_1_1_2_565,10264","properties":{"built_fraction":0.0,"built_pixel_count":0,"center_lat":46.30900174316088,"center_lon":24.1785260113373,"crop_fraction":0.0,"crop_pixel_count":0,"dominant_class_name":"Grassland","dominant_esa_code":30,"dominant_fraction":0.6177514112776431,"dominant_id":2,"dominant_pixel_count":2234.1137254901964,"grass_fraction":0.6177514112776431,"grass_pixel_count":2234.1137254901964,"ignored_pixel_count":0,"inside_fraction":1.0,"patch_group":"grassland","patch_id":"A_24.17853_46.30900","rand_split":0.9208420089858768,"rand_valid_grassland":0.022939254200610826,"region_name":"A","selected_fraction":1.0,"selected_pixel_count":3616.525490196077,"shrub_fraction":0.0,"shrub_pixel_count":0,"split":"valid","total_pixel_count":3616.525490196077,"tree_fraction":0.38224858872235695,"tree_pixel_count":1382.4117647058806}},{"type":"Feature","geometry":{"geodesic":false,"crs":{"type":"name","properties":{"name":"EPSG:32635"}},"type":"Polygon","coordinates":[[[332500.0,5140500.0],[333000.0,5140500.0],[333000.0,5141000.0],[332500.0,5141000.0],[332500.0,5140500.0]]]},"id":"1_2_1_1_2_665,10281","properties":{"built_fraction":0.0,"built_pixel_count":0,"center_lat":46.39962267389033,"center_lon":24.824308101183163,"crop_fraction":0.0,"crop_pixel_count":0,"dominant_class_name":"Grassland","dominant_esa_code":30,"dominant_fraction":0.5171476150234641,"dominant_id":2,"dominant_pixel_count":1874.266666666666,"grass_fraction":0.5171476150234641,"grass_pixel_count":1874.266666666666,"ignored_pixel_count":0,"inside_fraction":1.0,"patch_group":"grassland","patch_id":"A_24.82431_46.39962","rand_split":0.8989468641698822,"rand_valid_grassland":0.024352383275725642,"region_name":"A","selected_fraction":1.0,"selected_pixel_count":3624.239215686273,"shrub_fraction":0.0,"shrub_pixel_count":0,"split":"valid","total_pixel_count":3624.239215686273,"tree_fraction":0.48285238497653593,"tree_pixel_count":1749.972549019607}},{"type":"Feature","geometry":{"geodesic":false,"crs":{"type":"name","properties":{"name":"EPSG:32635"}},"type":"Polygon","coordinates":[[[264500.0,5135000.0],[265000.0,5135000.0],[265000.0,5135500.0],[264500.0,5135500.0],[264500.0,5135000.0]]]},"id":"1_2_1_1_2_529,10270","properties":{"built_fraction":0.0,"built_pixel_count":0,"center_lat":46.32995884286032,"center_lon":23.943578631011565,"crop_fraction":0.07106252283447835,"crop_pixel_count":257.0509803921568,"dominant_class_name":"Grassland","dominant_esa_code":30,"dominant_fraction":0.9289374771655217,"dominant_id":2,"dominant_pixel_count":3360.2,"grass_fraction":0.9289374771655217,"grass_pixel_count":3360.2,"ignored_pixel_count":0,"inside_fraction":1.0,"patch_group":"grassland","patch_id":"A_23.94358_46.32996","rand_split":0.8904201289265588,"rand_valid_grassland":0.02600351941393053,"region_name":"A","selected_fraction":1.0,"selected_pixel_count":3617.2509803921566,"shrub_fraction":0.0,"shrub_pixel_count":0,"split":"valid","total_pixel_count":3617.2509803921566,"tree_fraction":0.0,"tree_pixel_count":0}},{"type":"Feature","geometry":{"geodesic":false,"crs":{"type":"name","properties":{"name":"EPSG:32635"}},"type":"Polygon","coordinates":[[[336000.0,5127000.0],[336500.0,5127000.0],[336500.0,5127500.0],[336000.0,5127500.0],[336000.0,5127000.0]]]},"id":"1_2_1_1_2_672,10254","properties":{"built_fraction":0.0,"built_pixel_count":0,"center_lat":46.27906611422248,"center_lon":24.874517962934874,"crop_fraction":0.038771424915471496,"crop_pixel_count":140.21176470588236,"dominant_class_name":"Grassland","dominant_esa_code":30,"dominant_fraction":0.8867968517871899,"dominant_id":2,"dominant_pixel_count":3206.9843137254898,"grass_fraction":0.8867968517871899,"grass_pixel_count":3206.9843137254898,"ignored_pixel_count":0,"inside_fraction":1.0,"patch_group":"grassland","patch_id":"A_24.87452_46.27907","rand_split":0.9761100329704729,"rand_valid_grassland":0.03160206870657689,"region_name":"A","selected_fraction":1.0,"selected_pixel_count":3616.3686274509796,"shrub_fraction":0.0,"shrub_pixel_count":0,"split":"valid","total_pixel_count":3616.3686274509796,"tree_fraction":0.0744317232973387,"tree_pixel_count":269.17254901960786}},{"type":"Feature","geometry":{"geodesic":false,"crs":{"type":"name","properties":{"name":"EPSG:32635"}},"type":"Polygon","coordinates":[[[316500.0,5120500.0],[317000.0,5120500.0],[317000.0,5121000.0],[316500.0,5121000.0],[316500.0,5120500.0]]]},"id":"1_2_1_1_2_633,10241","properties":{"built_fraction":0.0,"built_pixel_count":0,"center_lat":46.21563320515905,"center_lon":24.624142896892792,"crop_fraction":0.01218241042345277,"crop_pixel_count":44.0,"dominant_class_name":"Grassland","dominant_esa_code":30,"dominant_fraction":0.6098773072747015,"dominant_id":2,"dominant_pixel_count":2202.733333333333,"grass_fraction":0.6098773072747015,"grass_pixel_count":2202.733333333333,"ignored_pixel_count":0,"inside_fraction":1.0,"patch_group":"grassland","patch_id":"A_24.62414_46.21563","rand_split":0.8434939731204014,"rand_valid_grassland":0.032322831935919116,"region_name":"A","selected_fraction":1.0,"selected_pixel_count":3611.7647058823522,"shrub_fraction":0.0,"shrub_pixel_count":0,"split":"valid","total_pixel_count":3611.7647058823522,"tree_fraction":0.37794028230184584,"tree_pixel_count":1365.0313725490194}},{"type":"Feature","geometry":{"geodesic":false,"crs":{"type":"name","properties":{"name":"EPSG:32635"}},"type":"Polygon","coordinates":[[[297000.0,5129500.0],[297500.0,5129500.0],[297500.0,5130000.0],[297000.0,5130000.0],[297000.0,5129500.0]]]},"id":"1_2_1_2_594,10259","properties":{"built_fraction":0.0,"built_pixel_count":0,"center_lat":46.291016109566314,"center_lon":24.367709540784247,"crop_fraction":0.799069940960338,"crop_pixel_count":2889.4745098039216,"dominant_class_name":"Cropland","dominant_esa_code":40,"dominant_fraction":0.799069940960338,"dominant_id":3,"dominant_pixel_count":2889.4745098039216,"grass_fraction":0.09188237182406962,"grass_pixel_count":332.25098039215686,"ignored_pixel_count":0,"inside_fraction":1.0,"patch_group":"cropland","patch_id":"A_24.36771_46.29102","rand_split":0.8528111038926584,"rand_valid_cropland":0.0011315805350257113,"region_name":"A","selected_fraction":1.0,"selected_pixel_count":3616.0470588235294,"shrub_fraction":0.0,"shrub_pixel_count":0,"split":"valid","total_pixel_count":3616.0470588235294,"tree_fraction":0.10904768721559238,"tree_pixel_count":394.32156862745103}},{"type":"Feature","geometry":{"geodesic":false,"crs":{"type":"name","properties":{"name":"EPSG:32635"}},"type":"Polygon","coordinates":[[[341000.0,5122500.0],[341500.0,5122500.0],[341500.0,5123000.0],[341000.0,5123000.0],[341000.0,5122500.0]]]},"id":"1_2_1_2_682,10245","properties":{"built_fraction":0.0010503745757267982,"built_pixel_count":3.796078431372549,"center_lat":46.239780417564894,"center_lon":24.94089117126086,"crop_fraction":0.786230327178659,"crop_pixel_count":2841.4549019607844,"dominant_class_name":"Cropland","dominant_esa_code":40,"dominant_fraction":0.786230327178659,"dominant_id":3,"dominant_pixel_count":2841.4549019607844,"grass_fraction":0.20696176983775622,"grass_pixel_count":747.9647058823531,"ignored_pixel_count":0,"inside_fraction":1.0,"patch_group":"cropland","patch_id":"A_24.94089_46.23978","rand_split":0.988565001975534,"rand_valid_cropland":0.00437132817477992,"region_name":"A","selected_fraction":1.0,"selected_pixel_count":3614.023529411765,"shrub_fraction":0.0,"shrub_pixel_count":0,"split":"valid","total_pixel_count":3614.023529411765,"tree_fraction":0.005757528407857841,"tree_pixel_count":20.807843137254896}},{"type":"Feature","geometry":{"geodesic":false,"crs":{"type":"name","properties":{"name":"EPSG:32635"}},"type":"Polygon","coordinates":[[[279500.0,5134500.0],[280000.0,5134500.0],[280000.0,5135000.0],[279500.0,5135000.0],[279500.0,5134500.0]]]},"id":"1_2_1_2_559,10269","properties":{"built_fraction":0.0,"built_pixel_count":0,"center_lat":46.33050565076169,"center_lon":24.13844115283771,"crop_fraction":0.8924637005642062,"crop_pixel_count":3228.741176470587,"dominant_class_name":"Cropland","dominant_esa_code":40,"dominant_fraction":0.8924637005642062,"dominant_id":3,"dominant_pixel_count":3228.741176470587,"grass_fraction":0.10753629943579379,"grass_pixel_count":389.0431372549019,"ignored_pixel_count":0,"inside_fraction":1.0,"patch_group":"cropland","patch_id":"A_24.13844_46.33051","rand_split":0.964034710220703,"rand_valid_cropland":0.00724834919840045,"region_name":"A","selected_fraction":1.0,"selected_pixel_count":3617.784313725489,"shrub_fraction":0.0,"shrub_pixel_count":0,"split":"valid","total_pixel_count":3617.784313725489,"tree_fraction":0.0,"tree_pixel_count":0}},{"type":"Feature","geometry":{"geodesic":false,"crs":{"type":"name","properties":{"name":"EPSG:32635"}},"type":"Polygon","coordinates":[[[299000.0,5137000.0],[299500.0,5137000.0],[299500.0,5137500.0],[299000.0,5137500.0],[299000.0,5137000.0]]]},"id":"1_2_1_2_598,10274","properties":{"built_fraction":0.00880377799922014,"built_pixel_count":31.87450980392157,"center_lat":46.35903943456724,"center_lon":24.39044150070039,"crop_fraction":0.8057254884970322,"crop_pixel_count":2917.16862745098,"dominant_class_name":"Cropland","dominant_esa_code":40,"dominant_fraction":0.8057254884970322,"dominant_id":3,"dominant_pixel_count":2917.16862745098,"grass_fraction":0.1853613361639444,"grass_pixel_count":671.1098039215686,"ignored_pixel_count":0,"inside_fraction":1.0,"patch_group":"cropland","patch_id":"A_24.39044_46.35904","rand_split":0.8865021356485853,"rand_valid_cropland":0.007658242421818229,"region_name":"A","selected_fraction":1.0,"selected_pixel_count":3620.5490196078426,"shrub_fraction":0.0,"shrub_pixel_count":0,"split":"valid","total_pixel_count":3620.5490196078426,"tree_fraction":1.0939733980330143E-4,"tree_pixel_count":0.396078431372549}},{"type":"Feature","geometry":{"geodesic":false,"crs":{"type":"name","properties":{"name":"EPSG:32635"}},"type":"Polygon","coordinates":[[[302000.0,5118000.0],[302500.0,5118000.0],[302500.0,5118500.0],[302000.0,5118500.0],[302000.0,5118000.0]]]},"id":"1_2_1_2_604,10236","properties":{"built_fraction":0.0,"built_pixel_count":0,"center_lat":46.189095909056256,"center_lon":24.437378680238133,"crop_fraction":0.8345742536822903,"crop_pixel_count":3012.38431372549,"dominant_class_name":"Cropland","dominant_esa_code":40,"dominant_fraction":0.8345742536822903,"dominant_id":3,"dominant_pixel_count":3012.38431372549,"grass_fraction":0.001350471904643429,"grass_pixel_count":4.874509803921569,"ignored_pixel_count":0,"inside_fraction":1.0,"patch_group":"cropland","patch_id":"A_24.43738_46.18910","rand_split":0.9627034937965931,"rand_valid_cropland":0.01017466250882848,"region_name":"A","selected_fraction":1.0,"selected_pixel_count":3609.4862745098035,"shrub_fraction":0.0,"shrub_pixel_count":0,"split":"valid","total_pixel_count":3609.4862745098035,"tree_fraction":0.16407527441306624,"tree_pixel_count":592.2274509803922}},{"type":"Feature","geometry":{"geodesic":false,"crs":{"type":"name","properties":{"name":"EPSG:32635"}},"type":"Polygon","coordinates":[[[286000.0,5122500.0],[286500.0,5122500.0],[286500.0,5123000.0],[286000.0,5123000.0],[286000.0,5122500.0]]]},"id":"1_2_1_2_572,10245","properties":{"built_fraction":0.0,"built_pixel_count":0,"center_lat":46.22471497736113,"center_lon":24.228237726693553,"crop_fraction":0.9625362296020146,"crop_pixel_count":3475.9372549019613,"dominant_class_name":"Cropland","dominant_esa_code":40,"dominant_fraction":0.9625362296020146,"dominant_id":3,"dominant_pixel_count":3475.9372549019613,"grass_fraction":2.7691415552584905E-4,"grass_pixel_count":1.0,"ignored_pixel_count":0,"inside_fraction":1.0,"patch_group":"cropland","patch_id":"A_24.22824_46.22471","rand_split":0.840134491571882,"rand_valid_cropland":0.0110808870135779,"region_name":"A","selected_fraction":1.0,"selected_pixel_count":3611.227450980393,"shrub_fraction":0.0,"shrub_pixel_count":0,"split":"valid","total_pixel_count":3611.227450980393,"tree_fraction":0.03718685624245951,"tree_pixel_count":134.29019607843136}},{"type":"Feature","geometry":{"geodesic":false,"crs":{"type":"name","properties":{"name":"EPSG:32635"}},"type":"Polygon","coordinates":[[[288000.0,5132000.0],[288500.0,5132000.0],[288500.0,5132500.0],[288000.0,5132500.0],[288000.0,5132000.0]]]},"id":"1_2_1_2_576,10264","properties":{"built_fraction":0.0,"built_pixel_count":0,"center_lat":46.31074132744234,"center_lon":24.249871034828637,"crop_fraction":0.6599277900055297,"crop_pixel_count":2386.8941176470594,"dominant_class_name":"Cropland","dominant_esa_code":40,"dominant_fraction":0.6599277900055297,"dominant_id":3,"dominant_pixel_count":2386.8941176470594,"grass_fraction":0.25806073879715064,"grass_pixel_count":933.3803921568629,"ignored_pixel_count":0,"inside_fraction":1.0,"patch_group":"cropland","patch_id":"A_24.24987_46.31074","rand_split":0.8877039547626235,"rand_valid_cropland":0.011850660610530306,"region_name":"A","selected_fraction":1.0,"selected_pixel_count":3616.9019607843143,"shrub_fraction":0.0,"shrub_pixel_count":0,"split":"valid","total_pixel_count":3616.9019607843143,"tree_fraction":0.08201147119731976,"tree_pixel_count":296.62745098039215}},{"type":"Feature","geometry":{"geodesic":false,"crs":{"type":"name","properties":{"name":"EPSG:32635"}},"type":"Polygon","coordinates":[[[319000.0,5135500.0],[319500.0,5135500.0],[319500.0,5136000.0],[319000.0,5136000.0],[319000.0,5135500.0]]]},"id":"1_2_1_2_638,10271","properties":{"built_fraction":0.0,"built_pixel_count":0,"center_lat":46.35118708646549,"center_lon":24.65076626617757,"crop_fraction":0.6965357237244005,"crop_pixel_count":2521.874509803924,"dominant_class_name":"Cropland","dominant_esa_code":40,"dominant_fraction":0.6965357237244005,"dominant_id":3,"dominant_pixel_count":2521.874509803924,"grass_fraction":0.2514698045604016,"grass_pixel_count":910.4705882352941,"ignored_pixel_count":0,"inside_fraction":1.0,"patch_group":"cropland","patch_id":"A_24.65077_46.35119","rand_split":0.8772078245217833,"rand_valid_cropland":0.013024587138517507,"region_name":"A","selected_fraction":1.0,"selected_pixel_count":3620.5960784313747,"shrub_fraction":0.0,"shrub_pixel_count":0,"split":"valid","total_pixel_count":3620.5960784313747,"tree_fraction":0.05199447171519799,"tree_pixel_count":188.2509803921569}},{"type":"Feature","geometry":{"geodesic":false,"crs":{"type":"name","properties":{"name":"EPSG:32635"}},"type":"Polygon","coordinates":[[[285500.0,5119000.0],[286000.0,5119000.0],[286000.0,5119500.0],[285500.0,5119500.0],[285500.0,5119000.0]]]},"id":"1_2_2_571,10238","properties":{"built_fraction":0.08775551670522118,"built_pixel_count":316.72549019607845,"center_lat":46.193094678540085,"center_lon":24.223348871563772,"crop_fraction":0.09698905079747609,"crop_pixel_count":350.0509803921568,"dominant_class_name":"Grassland","dominant_esa_code":30,"dominant_fraction":0.6380711062530087,"dominant_id":2,"dominant_pixel_count":2302.913725490198,"grass_fraction":0.6380711062530087,"grass_pixel_count":2302.913725490198,"ignored_pixel_count":0,"inside_fraction":1.0,"patch_group":"urban_mixed","patch_id":"A_24.22335_46.19309","rand_split":0.9877709992348512,"rand_valid_urban_mixed":0.007768813917285233,"region_name":"A","selected_fraction":1.0,"selected_pixel_count":3609.1803921568644,"shrub_fraction":0.0,"shrub_pixel_count":0,"split":"valid","total_pixel_count":3609.1803921568644,"tree_fraction":0.17718432624429414,"tree_pixel_count":639.4901960784314}},{"type":"Feature","geometry":{"geodesic":false,"crs":{"type":"name","properties":{"name":"EPSG:32635"}},"type":"Polygon","coordinates":[[[301500.0,5138500.0],[302000.0,5138500.0],[302000.0,5139000.0],[301500.0,5139000.0],[301500.0,5138500.0]]]},"id":"1_2_2_603,10277","properties":{"built_fraction":0.061646149714553046,"built_pixel_count":223.2470588235294,"center_lat":46.3732621323902,"center_lon":24.422270779301037,"crop_fraction":0.1463034834059585,"crop_pixel_count":529.8274509803922,"dominant_class_name":"Grassland","dominant_esa_code":30,"dominant_fraction":0.47075251444560917,"dominant_id":2,"dominant_pixel_count":1704.796078431372,"grass_fraction":0.47075251444560917,"grass_pixel_count":1704.796078431372,"ignored_pixel_count":82.0,"inside_fraction":1.0,"patch_group":"urban_mixed","patch_id":"A_24.42227_46.37326","rand_split":0.9835758113507854,"rand_valid_urban_mixed":0.012551721586992581,"region_name":"A","selected_fraction":0.9773569949667773,"selected_pixel_count":3539.427450980391,"shrub_fraction":0.0,"shrub_pixel_count":0,"split":"valid","total_pixel_count":3621.427450980391,"tree_fraction":0.2986548474006566,"tree_pixel_count":1081.5568627450975}},{"type":"Feature","geometry":{"geodesic":false,"crs":{"type":"name","properties":{"name":"EPSG:32635"}},"type":"Polygon","coordinates":[[[323500.0,5121500.0],[324000.0,5121500.0],[324000.0,5122000.0],[323500.0,5122000.0],[323500.0,5121500.0]]]},"id":"1_2_2_647,10243","properties":{"built_fraction":0.06835543349055836,"built_pixel_count":246.9333333333334,"center_lat":46.226475571846166,"center_lon":24.71445063569428,"crop_fraction":0.7136188713450609,"crop_pixel_count":2577.9411764705883,"dominant_class_name":"Cropland","dominant_esa_code":40,"dominant_fraction":0.7136188713450609,"dominant_id":3,"dominant_pixel_count":2577.9411764705883,"grass_fraction":0.07473743059211775,"grass_pixel_count":269.98823529411766,"ignored_pixel_count":0,"inside_fraction":1.0,"patch_group":"urban_mixed","patch_id":"A_24.71445_46.22648","rand_split":0.9139658814209299,"rand_valid_urban_mixed":0.01384831645363016,"region_name":"A","selected_fraction":1.0,"selected_pixel_count":3612.490196078432,"shrub_fraction":0.0,"shrub_pixel_count":0,"split":"valid","total_pixel_count":3612.490196078432,"tree_fraction":0.1432882645722629,"tree_pixel_count":517.6274509803923}},{"type":"Feature","geometry":{"geodesic":false,"crs":{"type":"name","properties":{"name":"EPSG:32635"}},"type":"Polygon","coordinates":[[[304500.0,5140000.0],[305000.0,5140000.0],[305000.0,5140500.0],[304500.0,5140500.0],[304500.0,5140000.0]]]},"id":"1_2_2_609,10280","properties":{"built_fraction":0.23235857359520826,"built_pixel_count":841.7294117647059,"center_lat":46.38762079936406,"center_lon":24.460613210762,"crop_fraction":0.21634015300693155,"crop_pixel_count":783.7019607843137,"dominant_class_name":"Tree cover","dominant_esa_code":10,"dominant_fraction":0.45715232168045655,"dominant_id":0,"dominant_pixel_count":1656.0549019607843,"grass_fraction":0.09414895171740377,"grass_pixel_count":341.05882352941177,"ignored_pixel_count":0,"inside_fraction":1.0,"patch_group":"urban_mixed","patch_id":"A_24.46061_46.38762","rand_split":0.9642603495476535,"rand_valid_urban_mixed":0.017691702709577872,"region_name":"A","selected_fraction":1.0,"selected_pixel_count":3622.545098039215,"shrub_fraction":0.0,"shrub_pixel_count":0,"split":"valid","total_pixel_count":3622.545098039215,"tree_fraction":0.45715232168045655,"tree_pixel_count":1656.0549019607843}},{"type":"Feature","geometry":{"geodesic":false,"crs":{"type":"name","properties":{"name":"EPSG:32635"}},"type":"Polygon","coordinates":[[[272500.0,5142000.0],[273000.0,5142000.0],[273000.0,5142500.0],[272500.0,5142500.0],[272500.0,5142000.0]]]},"id":"1_2_2_545,10284","properties":{"built_fraction":0.18768488161080343,"built_pixel_count":679.7607843137256,"center_lat":46.39560312501253,"center_lon":24.04397925416483,"crop_fraction":0.1793660211961489,"crop_pixel_count":649.6313725490197,"dominant_class_name":"Tree cover","dominant_esa_code":10,"dominant_fraction":0.4672616082913581,"dominant_id":0,"dominant_pixel_count":1692.3372549019598,"grass_fraction":0.1620981328852143,"grass_pixel_count":587.0901960784315,"ignored_pixel_count":13.0,"inside_fraction":1.0,"patch_group":"urban_mixed","patch_id":"A_24.04398_46.39560","rand_split":0.9332150618191869,"rand_valid_urban_mixed":0.022621387612892674,"region_name":"A","selected_fraction":0.9964106439835247,"selected_pixel_count":3608.8196078431365,"shrub_fraction":0.0,"shrub_pixel_count":0,"split":"valid","total_pixel_count":3621.8196078431365,"tree_fraction":0.4672616082913581,"tree_pixel_count":1692.3372549019598}},{"type":"Feature","geometry":{"geodesic":false,"crs":{"type":"name","properties":{"name":"EPSG:32635"}},"type":"Polygon","coordinates":[[[339000.0,5123000.0],[339500.0,5123000.0],[339500.0,5123500.0],[339000.0,5123500.0],[339000.0,5123000.0]]]},"id":"1_2_2_678,10246","properties":{"built_fraction":0.1016470429941265,"built_pixel_count":367.36078431372556,"center_lat":46.24380737015637,"center_lon":24.914796543146434,"crop_fraction":0.8066604383072317,"crop_pixel_count":2915.33725490196,"dominant_class_name":"Cropland","dominant_esa_code":40,"dominant_fraction":0.8066604383072317,"dominant_id":3,"dominant_pixel_count":2915.33725490196,"grass_fraction":0.02592690249796277,"grass_pixel_count":93.70196078431374,"ignored_pixel_count":0,"inside_fraction":1.0,"patch_group":"urban_mixed","patch_id":"A_24.91480_46.24381","rand_split":0.9131804262348078,"rand_valid_urban_mixed":0.02783777284116762,"region_name":"A","selected_fraction":1.0,"selected_pixel_count":3614.082352941176,"shrub_fraction":0.0,"shrub_pixel_count":0,"split":"valid","total_pixel_count":3614.082352941176,"tree_fraction":0.06576561620067906,"tree_pixel_count":237.68235294117648}},{"type":"Feature","geometry":{"geodesic":false,"crs":{"type":"name","properties":{"name":"EPSG:32635"}},"type":"Polygon","coordinates":[[[333000.0,5122000.0],[333500.0,5122000.0],[333500.0,5122500.0],[333000.0,5122500.0],[333000.0,5122000.0]]]},"id":"1_2_2_666,10244","properties":{"built_fraction":0.854532115348926,"built_pixel_count":3087.7529411764704,"center_lat":46.23336821961635,"center_lon":24.837375059698402,"crop_fraction":0.021126248490090767,"crop_pixel_count":76.33725490196079,"dominant_class_name":"Built-up","dominant_esa_code":50,"dominant_fraction":0.854532115348926,"dominant_id":4,"dominant_pixel_count":3087.7529411764704,"grass_fraction":0.09732443540518748,"grass_pixel_count":351.67058823529413,"ignored_pixel_count":4.0,"inside_fraction":1.0,"patch_group":"urban_mixed","patch_id":"A_24.83738_46.23337","rand_split":0.9857006280828595,"rand_valid_urban_mixed":0.03942517779613941,"region_name":"A","selected_fraction":0.998893004548449,"selected_pixel_count":3609.38431372549,"shrub_fraction":0.0,"shrub_pixel_count":0,"split":"valid","total_pixel_count":3613.38431372549,"tree_fraction":0.02591020530424468,"tree_pixel_count":93.62352941176471}},{"type":"Feature","geometry":{"geodesic":false,"crs":{"type":"name","properties":{"name":"EPSG:32635"}},"type":"Polygon","coordinates":[[[280000.0,5102000.0],[280500.0,5102000.0],[280500.0,5102500.0],[280000.0,5102500.0],[280000.0,5102000.0]]]},"id":"2_1_1_1_560,10204","properties":{"built_fraction":0.001022071514496417,"built_pixel_count":3.6784313725490194,"center_lat":46.03852796915701,"center_lon":24.160024993153055,"crop_fraction":0.0,"crop_pixel_count":0,"dominant_class_name":"Tree cover","dominant_esa_code":10,"dominant_fraction":0.7152092522533517,"dominant_id":0,"dominant_pixel_count":2574.035294117648,"grass_fraction":0.28376867623215185,"grass_pixel_count":1021.2823529411766,"ignored_pixel_count":0,"inside_fraction":1.0,"patch_group":"tree","patch_id":"B_24.16002_46.03853","rand_select":0.6614402126336187,"rand_test_tree":1.619195496144199E-4,"region_name":"B","selected_fraction":1.0,"selected_pixel_count":3598.9960784313735,"shrub_fraction":0.0,"shrub_pixel_count":0,"split":"test","total_pixel_count":3598.9960784313735,"tree_fraction":0.7152092522533517,"tree_pixel_count":2574.035294117648}},{"type":"Feature","geometry":{"geodesic":false,"crs":{"type":"name","properties":{"name":"EPSG:32635"}},"type":"Polygon","coordinates":[[[281000.0,5107000.0],[281500.0,5107000.0],[281500.0,5107500.0],[281000.0,5107500.0],[281000.0,5107000.0]]]},"id":"2_1_1_1_562,10214","properties":{"built_fraction":0.0,"built_pixel_count":0,"center_lat":46.083794566537264,"center_lon":24.170635874076243,"crop_fraction":0.0,"crop_pixel_count":0,"dominant_class_name":"Tree cover","dominant_esa_code":10,"dominant_fraction":1.0,"dominant_id":0,"dominant_pixel_count":3601.866666666665,"grass_fraction":0.0,"grass_pixel_count":0,"ignored_pixel_count":0,"inside_fraction":1.0,"patch_group":"tree","patch_id":"B_24.17064_46.08379","rand_select":0.5459770358523404,"rand_test_tree":0.0010811343606019763,"region_name":"B","selected_fraction":1.0,"selected_pixel_count":3601.866666666665,"shrub_fraction":0.0,"shrub_pixel_count":0,"split":"test","total_pixel_count":3601.866666666665,"tree_fraction":1.0,"tree_pixel_count":3601.866666666665}},{"type":"Feature","geometry":{"geodesic":false,"crs":{"type":"name","properties":{"name":"EPSG:32635"}},"type":"Polygon","coordinates":[[[319000.0,5107500.0],[319500.0,5107500.0],[319500.0,5108000.0],[319000.0,5108000.0],[319000.0,5107500.0]]]},"id":"2_1_1_1_638,10215","properties":{"built_fraction":0.007287785940600955,"built_pixel_count":26.26666666666667,"center_lat":46.09939857080387,"center_lon":24.661488213572294,"crop_fraction":0.15944887886912015,"crop_pixel_count":574.6862745098039,"dominant_class_name":"Tree cover","dominant_esa_code":10,"dominant_fraction":0.5190442098116362,"dominant_id":0,"dominant_pixel_count":1870.7411764705887,"grass_fraction":0.31421912537864255,"grass_pixel_count":1132.5098039215677,"ignored_pixel_count":0,"inside_fraction":1.0,"patch_group":"tree","patch_id":"B_24.66149_46.09940","rand_select":0.021540447177446187,"rand_test_tree":0.0012437458252335665,"region_name":"B","selected_fraction":1.0,"selected_pixel_count":3604.2039215686273,"shrub_fraction":0.0,"shrub_pixel_count":0,"split":"test","total_pixel_count":3604.2039215686273,"tree_fraction":0.5190442098116362,"tree_pixel_count":1870.7411764705887}},{"type":"Feature","geometry":{"geodesic":false,"crs":{"type":"name","properties":{"name":"EPSG:32635"}},"type":"Polygon","coordinates":[[[317500.0,5105000.0],[318000.0,5105000.0],[318000.0,5105500.0],[317500.0,5105500.0],[317500.0,5105000.0]]]},"id":"2_1_1_1_635,10210","properties":{"built_fraction":0.0,"built_pixel_count":0,"center_lat":46.0765185682599,"center_lon":24.643056306672673,"crop_fraction":0.0,"crop_pixel_count":0,"dominant_class_name":"Tree cover","dominant_esa_code":10,"dominant_fraction":0.7834728591378971,"dominant_id":0,"dominant_pixel_count":2822.674509803921,"grass_fraction":0.21652714086210295,"grass_pixel_count":780.0980392156862,"ignored_pixel_count":0,"inside_fraction":1.0,"patch_group":"tree","patch_id":"B_24.64306_46.07652","rand_select":0.11793191415179827,"rand_test_tree":0.00332161134284803,"region_name":"B","selected_fraction":1.0,"selected_pixel_count":3602.772549019607,"shrub_fraction":0.0,"shrub_pixel_count":0,"split":"test","total_pixel_count":3602.772549019607,"tree_fraction":0.7834728591378971,"tree_pixel_count":2822.674509803921}},{"type":"Feature","geometry":{"geodesic":false,"crs":{"type":"name","properties":{"name":"EPSG:32635"}},"type":"Polygon","coordinates":[[[300500.0,5103500.0],[301000.0,5103500.0],[301000.0,5104000.0],[300500.0,5104000.0],[300500.0,5103500.0]]]},"id":"2_1_1_1_601,10207","properties":{"built_fraction":0.0,"built_pixel_count":0,"center_lat":46.058288905039056,"center_lon":24.424047697240237,"crop_fraction":0.0,"crop_pixel_count":0,"dominant_class_name":"Tree cover","dominant_esa_code":10,"dominant_fraction":1.0,"dominant_id":0,"dominant_pixel_count":3600.9803921568614,"grass_fraction":0.0,"grass_pixel_count":0,"ignored_pixel_count":0,"inside_fraction":1.0,"patch_group":"tree","patch_id":"B_24.42405_46.05829","rand_select":0.36838823677777854,"rand_test_tree":0.003780378025695086,"region_name":"B","selected_fraction":1.0,"selected_pixel_count":3600.9803921568614,"shrub_fraction":0.0,"shrub_pixel_count":0,"split":"test","total_pixel_count":3600.9803921568614,"tree_fraction":1.0,"tree_pixel_count":3600.9803921568614}},{"type":"Feature","geometry":{"geodesic":false,"crs":{"type":"name","properties":{"name":"EPSG:32635"}},"type":"Polygon","coordinates":[[[287000.0,5102000.0],[287500.0,5102000.0],[287500.0,5102500.0],[287000.0,5102500.0],[287000.0,5102000.0]]]},"id":"2_1_1_1_574,10204","properties":{"built_fraction":0.0,"built_pixel_count":0,"center_lat":46.04073920096581,"center_lon":24.250383370701314,"crop_fraction":0.009446265783271934,"crop_pixel_count":34.0,"dominant_class_name":"Tree cover","dominant_esa_code":10,"dominant_fraction":0.9117618538650699,"dominant_id":0,"dominant_pixel_count":3281.7098039215703,"grass_fraction":0.07879188035165817,"grass_pixel_count":283.5960784313725,"ignored_pixel_count":0,"inside_fraction":1.0,"patch_group":"tree","patch_id":"B_24.25038_46.04074","rand_select":0.23009068845605263,"rand_test_tree":0.004652967080067794,"region_name":"B","selected_fraction":1.0,"selected_pixel_count":3599.3058823529427,"shrub_fraction":0.0,"shrub_pixel_count":0,"split":"test","total_pixel_count":3599.3058823529427,"tree_fraction":0.9117618538650699,"tree_pixel_count":3281.7098039215703}},{"type":"Feature","geometry":{"geodesic":false,"crs":{"type":"name","properties":{"name":"EPSG:32635"}},"type":"Polygon","coordinates":[[[275000.0,5099500.0],[275500.0,5099500.0],[275500.0,5100000.0],[275000.0,5100000.0],[275000.0,5099500.0]]]},"id":"2_1_1_1_550,10199","properties":{"built_fraction":0.0,"built_pixel_count":0,"center_lat":46.01443301645785,"center_lon":24.096667505748172,"crop_fraction":0.0,"crop_pixel_count":0,"dominant_class_name":"Tree cover","dominant_esa_code":10,"dominant_fraction":1.0,"dominant_id":0,"dominant_pixel_count":3597.1960784313724,"grass_fraction":0.0,"grass_pixel_count":0,"ignored_pixel_count":0,"inside_fraction":1.0,"patch_group":"tree","patch_id":"B_24.09667_46.01443","rand_select":0.8707235068564313,"rand_test_tree":0.006251893242548823,"region_name":"B","selected_fraction":1.0,"selected_pixel_count":3597.1960784313724,"shrub_fraction":0.0,"shrub_pixel_count":0,"split":"test","total_pixel_count":3597.1960784313724,"tree_fraction":1.0,"tree_pixel_count":3597.1960784313724}},{"type":"Feature","geometry":{"geodesic":false,"crs":{"type":"name","properties":{"name":"EPSG:32635"}},"type":"Polygon","coordinates":[[[307500.0,5104500.0],[308000.0,5104500.0],[308000.0,5105000.0],[307500.0,5105000.0],[307500.0,5104500.0]]]},"id":"2_1_1_1_615,10209","properties":{"built_fraction":0.0,"built_pixel_count":0,"center_lat":46.06928378047904,"center_lon":24.51405371587208,"crop_fraction":8.328579329445936E-4,"crop_pixel_count":3.0,"dominant_class_name":"Tree cover","dominant_esa_code":10,"dominant_fraction":0.9764655033510283,"dominant_id":0,"dominant_pixel_count":3517.2823529411767,"grass_fraction":0.02270163871602702,"grass_pixel_count":81.77254901960785,"ignored_pixel_count":0,"inside_fraction":1.0,"patch_group":"tree","patch_id":"B_24.51405_46.06928","rand_select":0.9258395062027563,"rand_test_tree":0.006343739520890734,"region_name":"B","selected_fraction":1.0,"selected_pixel_count":3602.0549019607847,"shrub_fraction":0.0,"shrub_pixel_count":0,"split":"test","total_pixel_count":3602.0549019607847,"tree_fraction":0.9764655033510283,"tree_pixel_count":3517.2823529411767}},{"type":"Feature","geometry":{"geodesic":false,"crs":{"type":"name","properties":{"name":"EPSG:32635"}},"type":"Polygon","coordinates":[[[317000.0,5108000.0],[317500.0,5108000.0],[317500.0,5108500.0],[317000.0,5108500.0],[317000.0,5108000.0]]]},"id":"2_1_1_2_634,10216","properties":{"built_fraction":0.0,"built_pixel_count":0,"center_lat":46.10336268121183,"center_lon":24.635442467795535,"crop_fraction":6.941308948087057E-4,"crop_pixel_count":2.5019607843137255,"dominant_class_name":"Grassland","dominant_esa_code":30,"dominant_fraction":0.6783464888182912,"dominant_id":2,"dominant_pixel_count":2445.066666666668,"grass_fraction":0.6783464888182912,"grass_pixel_count":2445.066666666668,"ignored_pixel_count":0,"inside_fraction":1.0,"patch_group":"grassland","patch_id":"B_24.63544_46.10336","rand_select":0.3295608483686503,"rand_test_grassland":4.4986471718322374E-4,"region_name":"B","selected_fraction":1.0,"selected_pixel_count":3604.4509803921583,"shrub_fraction":0.0,"shrub_pixel_count":0,"split":"test","total_pixel_count":3604.4509803921583,"tree_fraction":0.3209593802869001,"tree_pixel_count":1156.8823529411766}},{"type":"Feature","geometry":{"geodesic":false,"crs":{"type":"name","properties":{"name":"EPSG:32635"}},"type":"Polygon","coordinates":[[[305500.0,5102500.0],[306000.0,5102500.0],[306000.0,5103000.0],[305500.0,5103000.0],[305500.0,5102500.0]]]},"id":"2_1_1_2_611,10205","properties":{"built_fraction":0.017290802634788972,"built_pixel_count":62.25882352941176,"center_lat":46.05073539187509,"center_lon":24.489032995700075,"crop_fraction":0.1240764297912383,"crop_pixel_count":446.7607843137255,"dominant_class_name":"Grassland","dominant_esa_code":30,"dominant_fraction":0.756435585334402,"dominant_id":2,"dominant_pixel_count":2723.6901960784307,"grass_fraction":0.756435585334402,"grass_pixel_count":2723.6901960784307,"ignored_pixel_count":1.0,"inside_fraction":1.0,"patch_group":"grassland","patch_id":"B_24.48903_46.05074","rand_select":0.8891347361855763,"rand_test_grassland":0.0010995597669233304,"region_name":"B","selected_fraction":0.9997222754678842,"selected_pixel_count":3599.6901960784307,"shrub_fraction":0.0,"shrub_pixel_count":0,"split":"test","total_pixel_count":3600.6901960784307,"tree_fraction":0.10191945770745481,"tree_pixel_count":366.98039215686276}},{"type":"Feature","geometry":{"geodesic":false,"crs":{"type":"name","properties":{"name":"EPSG:32635"}},"type":"Polygon","coordinates":[[[310500.0,5100500.0],[311000.0,5100500.0],[311000.0,5101000.0],[310500.0,5101000.0],[310500.0,5100500.0]]]},"id":"2_1_1_2_621,10201","properties":{"built_fraction":0.029475592431518507,"built_pixel_count":106.10196078431372,"center_lat":46.03415246083555,"center_lon":24.554399010679905,"crop_fraction":0.12255205292010572,"crop_pixel_count":441.1450980392157,"dominant_class_name":"Grassland","dominant_esa_code":30,"dominant_fraction":0.5153881853598168,"dominant_id":2,"dominant_pixel_count":1855.2196078431366,"grass_fraction":0.5153881853598168,"grass_pixel_count":1855.2196078431366,"ignored_pixel_count":0,"inside_fraction":1.0,"patch_group":"grassland","patch_id":"B_24.55440_46.03415","rand_select":0.48424364884851734,"rand_test_grassland":0.0017816029098257635,"region_name":"B","selected_fraction":1.0,"selected_pixel_count":3599.654901960782,"shrub_fraction":0.0,"shrub_pixel_count":0,"split":"test","total_pixel_count":3599.654901960782,"tree_fraction":0.332584169288559,"tree_pixel_count":1197.1882352941159}},{"type":"Feature","geometry":{"geodesic":false,"crs":{"type":"name","properties":{"name":"EPSG:32635"}},"type":"Polygon","coordinates":[[[306000.0,5108000.0],[306500.0,5108000.0],[306500.0,5108500.0],[306000.0,5108500.0],[306000.0,5108000.0]]]},"id":"2_1_1_2_612,10216","properties":{"built_fraction":0.0013873579590277835,"built_pixel_count":5.0,"center_lat":46.10033098794104,"center_lon":24.493250337958457,"crop_fraction":0.03948583969976486,"crop_pixel_count":142.30588235294115,"dominant_class_name":"Grassland","dominant_esa_code":30,"dominant_fraction":0.6415534927144665,"dominant_id":2,"dominant_pixel_count":2312.1411764705877,"grass_fraction":0.6415534927144665,"grass_pixel_count":2312.1411764705877,"ignored_pixel_count":0,"inside_fraction":1.0,"patch_group":"grassland","patch_id":"B_24.49325_46.10033","rand_select":0.2816244879228871,"rand_test_grassland":0.002057802482948623,"region_name":"B","selected_fraction":1.0,"selected_pixel_count":3603.972549019607,"shrub_fraction":0.0,"shrub_pixel_count":0,"split":"test","total_pixel_count":3603.972549019607,"tree_fraction":0.3175733096267408,"tree_pixel_count":1144.525490196078}},{"type":"Feature","geometry":{"geodesic":false,"crs":{"type":"name","properties":{"name":"EPSG:32635"}},"type":"Polygon","coordinates":[[[320500.0,5107000.0],[321000.0,5107000.0],[321000.0,5107500.0],[320500.0,5107500.0],[320500.0,5107000.0]]]},"id":"2_1_1_2_641,10214","properties":{"built_fraction":0.0,"built_pixel_count":0,"center_lat":46.09529744097604,"center_lon":24.681067359276817,"crop_fraction":0.16838658852664873,"crop_pixel_count":606.8745098039216,"dominant_class_name":"Grassland","dominant_esa_code":30,"dominant_fraction":0.5134619611461599,"dominant_id":2,"dominant_pixel_count":1850.5450980392145,"grass_fraction":0.5134619611461599,"grass_pixel_count":1850.5450980392145,"ignored_pixel_count":0,"inside_fraction":1.0,"patch_group":"grassland","patch_id":"B_24.68107_46.09530","rand_select":0.03468134950925017,"rand_test_grassland":0.002312516773182449,"region_name":"B","selected_fraction":1.0,"selected_pixel_count":3604.0549019607824,"shrub_fraction":0.0,"shrub_pixel_count":0,"split":"test","total_pixel_count":3604.0549019607824,"tree_fraction":0.31815145032719133,"tree_pixel_count":1146.6352941176463}},{"type":"Feature","geometry":{"geodesic":false,"crs":{"type":"name","properties":{"name":"EPSG:32635"}},"type":"Polygon","coordinates":[[[318000.0,5103000.0],[318500.0,5103000.0],[318500.0,5103500.0],[318000.0,5103500.0],[318000.0,5103000.0]]]},"id":"2_1_1_2_636,10206","properties":{"built_fraction":0.0,"built_pixel_count":0,"center_lat":46.05866637173856,"center_lon":24.65028069853996,"crop_fraction":0.0026338884206904526,"crop_pixel_count":9.486274509803922,"dominant_class_name":"Grassland","dominant_esa_code":30,"dominant_fraction":0.5050608984619136,"dominant_id":2,"dominant_pixel_count":1819.0392156862733,"grass_fraction":0.5050608984619136,"grass_pixel_count":1819.0392156862733,"ignored_pixel_count":0,"inside_fraction":1.0,"patch_group":"grassland","patch_id":"B_24.65028_46.05867","rand_select":0.6138449045634595,"rand_test_grassland":0.002348309944186777,"region_name":"B","selected_fraction":1.0,"selected_pixel_count":3601.623529411763,"shrub_fraction":0.0,"shrub_pixel_count":0,"split":"test","total_pixel_count":3601.623529411763,"tree_fraction":0.4923052131173959,"tree_pixel_count":1773.0980392156855}},{"type":"Feature","geometry":{"geodesic":false,"crs":{"type":"name","properties":{"name":"EPSG:32635"}},"type":"Polygon","coordinates":[[[298500.0,5104500.0],[299000.0,5104500.0],[299000.0,5105000.0],[298500.0,5105000.0],[298500.0,5104500.0]]]},"id":"2_1_1_2_597,10209","properties":{"built_fraction":0.0,"built_pixel_count":0,"center_lat":46.06669441662119,"center_lon":24.397795432772167,"crop_fraction":0.009995655483074354,"crop_pixel_count":36.0,"dominant_class_name":"Grassland","dominant_esa_code":30,"dominant_fraction":0.527624703424111,"dominant_id":2,"dominant_pixel_count":1900.2745098039215,"grass_fraction":0.527624703424111,"grass_pixel_count":1900.2745098039215,"ignored_pixel_count":0,"inside_fraction":1.0,"patch_group":"grassland","patch_id":"B_24.39780_46.06669","rand_select":0.7675509965338787,"rand_test_grassland":0.002360195181982272,"region_name":"B","selected_fraction":1.0,"selected_pixel_count":3601.5647058823515,"shrub_fraction":0.0,"shrub_pixel_count":0,"split":"test","total_pixel_count":3601.5647058823515,"tree_fraction":0.46237964109281465,"tree_pixel_count":1665.2901960784302}},{"type":"Feature","geometry":{"geodesic":false,"crs":{"type":"name","properties":{"name":"EPSG:32635"}},"type":"Polygon","coordinates":[[[274500.0,5101000.0],[275000.0,5101000.0],[275000.0,5101500.0],[274500.0,5101500.0],[274500.0,5101000.0]]]},"id":"2_1_2_549,10202","properties":{"built_fraction":0.0,"built_pixel_count":0,"center_lat":46.027751859192726,"center_lon":24.089508916668102,"crop_fraction":0.6190895040535032,"crop_pixel_count":2227.454901960783,"dominant_class_name":"Cropland","dominant_esa_code":40,"dominant_fraction":0.6190895040535032,"dominant_id":3,"dominant_pixel_count":2227.454901960783,"grass_fraction":0.313267457094339,"grass_pixel_count":1127.1215686274502,"ignored_pixel_count":0,"inside_fraction":1.0,"patch_group":"cropland","patch_id":"B_24.08951_46.02775","rand_select":0.20945349877679142,"rand_test_cropland":5.016481457962296E-4,"region_name":"B","selected_fraction":1.0,"selected_pixel_count":3597.9529411764684,"shrub_fraction":0.0,"shrub_pixel_count":0,"split":"test","total_pixel_count":3597.9529411764684,"tree_fraction":0.0676430388521578,"tree_pixel_count":243.3764705882353}},{"type":"Feature","geometry":{"geodesic":false,"crs":{"type":"name","properties":{"name":"EPSG:32635"}},"type":"Polygon","coordinates":[[[277500.0,5108000.0],[278000.0,5108000.0],[278000.0,5108500.0],[277500.0,5108500.0],[277500.0,5108000.0]]]},"id":"2_1_2_555,10216","properties":{"built_fraction":0.0019933243773446875,"built_pixel_count":7.180392156862745,"center_lat":46.091654394499635,"center_lon":24.12495599606465,"crop_fraction":0.6820565969130143,"crop_pixel_count":2456.917647058823,"dominant_class_name":"Cropland","dominant_esa_code":40,"dominant_fraction":0.6820565969130143,"dominant_id":3,"dominant_pixel_count":2456.917647058823,"grass_fraction":0.04869111201590305,"grass_pixel_count":175.39607843137256,"ignored_pixel_count":2.0,"inside_fraction":1.0,"patch_group":"cropland","patch_id":"B_24.12496_46.09165","rand_select":0.9854499516647454,"rand_test_cropland":0.005290228712679035,"region_name":"B","selected_fraction":0.9994447867654583,"selected_pixel_count":3600.219607843137,"shrub_fraction":0.0,"shrub_pixel_count":0,"split":"test","total_pixel_count":3602.219607843137,"tree_fraction":0.2667037534591962,"tree_pixel_count":960.7254901960785}},{"type":"Feature","geometry":{"geodesic":false,"crs":{"type":"name","properties":{"name":"EPSG:32635"}},"type":"Polygon","coordinates":[[[301500.0,5102500.0],[302000.0,5102500.0],[302000.0,5103000.0],[301500.0,5103000.0],[301500.0,5102500.0]]]},"id":"2_1_2_603,10205","properties":{"built_fraction":7.613408748558194E-4,"built_pixel_count":2.7411764705882353,"center_lat":46.04958819590486,"center_lon":24.437378982098036,"crop_fraction":0.5239811483721576,"crop_pixel_count":1886.5725490196075,"dominant_class_name":"Cropland","dominant_esa_code":40,"dominant_fraction":0.5239811483721576,"dominant_id":3,"dominant_pixel_count":1886.5725490196075,"grass_fraction":0.4130769825632244,"grass_pixel_count":1487.2666666666655,"ignored_pixel_count":0,"inside_fraction":1.0,"patch_group":"cropland","patch_id":"B_24.43738_46.04959","rand_select":0.11705653887459411,"rand_test_cropland":0.010077489567933529,"region_name":"B","selected_fraction":1.0,"selected_pixel_count":3600.45882352941,"shrub_fraction":0.0,"shrub_pixel_count":0,"split":"test","total_pixel_count":3600.45882352941,"tree_fraction":0.062180528189762344,"tree_pixel_count":223.87843137254904}},{"type":"Feature","geometry":{"geodesic":false,"crs":{"type":"name","properties":{"name":"EPSG:32635"}},"type":"Polygon","coordinates":[[[289000.0,5111000.0],[289500.0,5111000.0],[289500.0,5111500.0],[289000.0,5111500.0],[289000.0,5111000.0]]]},"id":"2_1_2_578,10222","properties":{"built_fraction":0.03348335460175825,"built_pixel_count":120.69803921568628,"center_lat":46.122268019754166,"center_lon":24.272214477841047,"crop_fraction":0.9342800230199424,"crop_pixel_count":3367.815686274512,"dominant_class_name":"Cropland","dominant_esa_code":40,"dominant_fraction":0.9342800230199424,"dominant_id":3,"dominant_pixel_count":3367.815686274512,"grass_fraction":0.01713440883025838,"grass_pixel_count":61.76470588235294,"ignored_pixel_count":1.0,"inside_fraction":1.0,"patch_group":"cropland","patch_id":"B_24.27221_46.12227","rand_select":0.2874419582604151,"rand_test_cropland":0.017931212716509215,"region_name":"B","selected_fraction":0.9997225857617958,"selected_pixel_count":3603.717647058825,"shrub_fraction":0.0,"shrub_pixel_count":0,"split":"test","total_pixel_count":3604.717647058825,"tree_fraction":0.014824799309836887,"tree_pixel_count":53.439215686274515}},{"type":"Feature","geometry":{"geodesic":false,"crs":{"type":"name","properties":{"name":"EPSG:32635"}},"type":"Polygon","coordinates":[[[282000.0,5098000.0],[282500.0,5098000.0],[282500.0,5098500.0],[282000.0,5098500.0],[282000.0,5098000.0]]]},"id":"2_1_2_564,10196","properties":{"built_fraction":0.0,"built_pixel_count":0,"center_lat":46.00320924259618,"center_lon":24.18766576499088,"crop_fraction":0.9781317156087238,"crop_pixel_count":3518.101960784313,"dominant_class_name":"Cropland","dominant_esa_code":40,"dominant_fraction":0.9781317156087238,"dominant_id":3,"dominant_pixel_count":3518.101960784313,"grass_fraction":0.017609545854489834,"grass_pixel_count":63.33725490196078,"ignored_pixel_count":0,"inside_fraction":1.0,"patch_group":"cropland","patch_id":"B_24.18767_46.00321","rand_select":0.644937651846646,"rand_test_cropland":0.020387539054832815,"region_name":"B","selected_fraction":1.0,"selected_pixel_count":3596.7568627450974,"shrub_fraction":0.0,"shrub_pixel_count":0,"split":"test","total_pixel_count":3596.7568627450974,"tree_fraction":0.004258738536786408,"tree_pixel_count":15.317647058823525}},{"type":"Feature","geometry":{"geodesic":false,"crs":{"type":"name","properties":{"name":"EPSG:32635"}},"type":"Polygon","coordinates":[[[278500.0,5107000.0],[279000.0,5107000.0],[279000.0,5107500.0],[278500.0,5107500.0],[278500.0,5107000.0]]]},"id":"2_1_2_557,10214","properties":{"built_fraction":0.01706061750964417,"built_pixel_count":61.44705882352941,"center_lat":46.082989936185534,"center_lon":24.138340931144285,"crop_fraction":0.5008705063309058,"crop_pixel_count":1803.9803921568625,"dominant_class_name":"Cropland","dominant_esa_code":40,"dominant_fraction":0.5008705063309058,"dominant_id":3,"dominant_pixel_count":1803.9803921568625,"grass_fraction":0.14020759316704254,"grass_pixel_count":504.98431372549015,"ignored_pixel_count":0,"inside_fraction":1.0,"patch_group":"cropland","patch_id":"B_24.13834_46.08299","rand_select":0.5077286468568789,"rand_test_cropland":0.0230210606761877,"region_name":"B","selected_fraction":1.0,"selected_pixel_count":3601.69019607843,"shrub_fraction":0.0,"shrub_pixel_count":0,"split":"test","total_pixel_count":3601.69019607843,"tree_fraction":0.3418612829924075,"tree_pixel_count":1231.2784313725476}},{"type":"Feature","geometry":{"geodesic":false,"crs":{"type":"name","properties":{"name":"EPSG:32635"}},"type":"Polygon","coordinates":[[[311500.0,5097000.0],[312000.0,5097000.0],[312000.0,5097500.0],[311500.0,5097500.0],[311500.0,5097000.0]]]},"id":"2_1_2_623,10194","properties":{"built_fraction":0.0,"built_pixel_count":0,"center_lat":46.00295546950541,"center_lon":24.568690393986266,"crop_fraction":0.6341887179911995,"crop_pixel_count":2281.694117647059,"dominant_class_name":"Cropland","dominant_esa_code":40,"dominant_fraction":0.6341887179911995,"dominant_id":3,"dominant_pixel_count":2281.694117647059,"grass_fraction":0.2479609087431045,"grass_pixel_count":892.1176470588236,"ignored_pixel_count":0,"inside_fraction":1.0,"patch_group":"cropland","patch_id":"B_24.56869_46.00296","rand_select":0.5902981946740494,"rand_test_cropland":0.025871513973121596,"region_name":"B","selected_fraction":1.0,"selected_pixel_count":3597.81568627451,"shrub_fraction":0.0,"shrub_pixel_count":0,"split":"test","total_pixel_count":3597.81568627451,"tree_fraction":0.11785037326569604,"tree_pixel_count":424.0039215686274}},{"type":"Feature","geometry":{"geodesic":false,"crs":{"type":"name","properties":{"name":"EPSG:32635"}},"type":"Polygon","coordinates":[[[274000.0,5101000.0],[274500.0,5101000.0],[274500.0,5101500.0],[274000.0,5101500.0],[274000.0,5101000.0]]]},"id":"2_1_2_548,10202","properties":{"built_fraction":0.0,"built_pixel_count":0,"center_lat":46.02758723174814,"center_lon":24.08305680821301,"crop_fraction":0.6025196675320601,"crop_pixel_count":2167.8941176470594,"dominant_class_name":"Cropland","dominant_esa_code":40,"dominant_fraction":0.6025196675320601,"dominant_id":3,"dominant_pixel_count":2167.8941176470594,"grass_fraction":0.33161126624247117,"grass_pixel_count":1193.1529411764695,"ignored_pixel_count":0,"inside_fraction":1.0,"patch_group":"cropland","patch_id":"B_24.08306_46.02759","rand_select":0.5717311628744081,"rand_test_cropland":0.031150464986790083,"region_name":"B","selected_fraction":1.0,"selected_pixel_count":3598.047058823529,"shrub_fraction":0.0,"shrub_pixel_count":0,"split":"test","total_pixel_count":3598.047058823529,"tree_fraction":0.06586906622546873,"tree_pixel_count":237.0}},{"type":"Feature","geometry":{"geodesic":false,"crs":{"type":"name","properties":{"name":"EPSG:32635"}},"type":"Polygon","coordinates":[[[298500.0,5108500.0],[299000.0,5108500.0],[299000.0,5109000.0],[298500.0,5109000.0],[298500.0,5108500.0]]]},"id":"2_2_597,10217","properties":{"built_fraction":0.06153635215116071,"built_pixel_count":221.76470588235293,"center_lat":46.10265805363438,"center_lon":24.396102789221374,"crop_fraction":0.5221993342539302,"crop_pixel_count":1881.9019607843131,"dominant_class_name":"Cropland","dominant_esa_code":40,"dominant_fraction":0.5221993342539302,"dominant_id":3,"dominant_pixel_count":1881.9019607843131,"grass_fraction":0.18465475984500027,"grass_pixel_count":665.4588235294118,"ignored_pixel_count":0,"inside_fraction":1.0,"patch_group":"urban_mixed","patch_id":"B_24.39610_46.10266","rand_select":0.2776220610965656,"rand_test_urban_mixed":0.004395945360128661,"region_name":"B","selected_fraction":1.0,"selected_pixel_count":3603.7999999999993,"shrub_fraction":0.0,"shrub_pixel_count":0,"split":"test","total_pixel_count":3603.7999999999993,"tree_fraction":0.2316095537499089,"tree_pixel_count":834.6745098039215}},{"type":"Feature","geometry":{"geodesic":false,"crs":{"type":"name","properties":{"name":"EPSG:32635"}},"type":"Polygon","coordinates":[[[286500.0,5110500.0],[287000.0,5110500.0],[287000.0,5111000.0],[286500.0,5111000.0],[286500.0,5110500.0]]]},"id":"2_2_573,10221","properties":{"built_fraction":0.3740959837579004,"built_pixel_count":1348.3490196078428,"center_lat":46.116996740938646,"center_lon":24.240118851654778,"crop_fraction":0.28172883484043515,"crop_pixel_count":1015.4313725490198,"dominant_class_name":"Built-up","dominant_esa_code":50,"dominant_fraction":0.3740959837579004,"dominant_id":4,"dominant_pixel_count":1348.3490196078428,"grass_fraction":0.17899820801594618,"grass_pixel_count":645.1607843137256,"ignored_pixel_count":0.996078431372549,"inside_fraction":1.0,"patch_group":"urban_mixed","patch_id":"B_24.24012_46.11700","rand_select":0.38954396994169893,"rand_test_urban_mixed":0.0046366604304372006,"region_name":"B","selected_fraction":0.9997236405891461,"selected_pixel_count":3603.290196078431,"shrub_fraction":0.0,"shrub_pixel_count":0,"split":"test","total_pixel_count":3604.2862745098037,"tree_fraction":0.16490061397486433,"tree_pixel_count":594.349019607843}},{"type":"Feature","geometry":{"geodesic":false,"crs":{"type":"name","properties":{"name":"EPSG:32635"}},"type":"Polygon","coordinates":[[[277500.0,5103500.0],[278000.0,5103500.0],[278000.0,5104000.0],[277500.0,5104000.0],[277500.0,5103500.0]]]},"id":"2_2_555,10207","properties":{"built_fraction":0.08634252677471334,"built_pixel_count":310.81176470588235,"center_lat":46.05120437361098,"center_lon":24.127057295739995,"crop_fraction":0.28967347432340107,"crop_pixel_count":1042.7529411764694,"dominant_class_name":"Tree cover","dominant_esa_code":10,"dominant_fraction":0.5280405953785501,"dominant_id":0,"dominant_pixel_count":1900.8156862745093,"grass_fraction":0.09594340352333551,"grass_pixel_count":345.3725490196078,"ignored_pixel_count":0,"inside_fraction":1.0,"patch_group":"urban_mixed","patch_id":"B_24.12706_46.05120","rand_select":0.6056935233788876,"rand_test_urban_mixed":0.008091237751840175,"region_name":"B","selected_fraction":1.0,"selected_pixel_count":3599.752941176469,"shrub_fraction":0.0,"shrub_pixel_count":0,"split":"test","total_pixel_count":3599.752941176469,"tree_fraction":0.5280405953785501,"tree_pixel_count":1900.8156862745093}},{"type":"Feature","geometry":{"geodesic":false,"crs":{"type":"name","properties":{"name":"EPSG:32635"}},"type":"Polygon","coordinates":[[[328500.0,5102500.0],[329000.0,5102500.0],[329000.0,5103000.0],[328500.0,5103000.0],[328500.0,5102500.0]]]},"id":"2_2_657,10205","properties":{"built_fraction":0.24789188141622026,"built_pixel_count":892.8705882352942,"center_lat":46.056879031571086,"center_lon":24.78610185742003,"crop_fraction":0.40845076556414817,"crop_pixel_count":1471.180392156862,"dominant_class_name":"Cropland","dominant_esa_code":40,"dominant_fraction":0.40845076556414817,"dominant_id":3,"dominant_pixel_count":1471.180392156862,"grass_fraction":0.14037102887074526,"grass_pixel_count":505.5960784313725,"ignored_pixel_count":1.996078431372549,"inside_fraction":1.0,"patch_group":"urban_mixed","patch_id":"B_24.78610_46.05688","rand_select":0.48354789882022653,"rand_test_urban_mixed":0.00901542408663869,"region_name":"B","selected_fraction":0.9994458193109651,"selected_pixel_count":3599.858823529411,"shrub_fraction":0.0,"shrub_pixel_count":0,"split":"test","total_pixel_count":3601.8549019607835,"tree_fraction":0.20273214345985138,"tree_pixel_count":730.2117647058825}},{"type":"Feature","geometry":{"geodesic":false,"crs":{"type":"name","properties":{"name":"EPSG:32635"}},"type":"Polygon","coordinates":[[[307000.0,5102000.0],[307500.0,5102000.0],[307500.0,5102500.0],[307000.0,5102500.0],[307000.0,5102000.0]]]},"id":"2_2_614,10204","properties":{"built_fraction":0.09359022675139259,"built_pixel_count":336.9607843137255,"center_lat":46.04666370443748,"center_lon":24.50860632069828,"crop_fraction":0.052317944271744424,"crop_pixel_count":188.36470588235295,"dominant_class_name":"Grassland","dominant_esa_code":30,"dominant_fraction":0.4631215839703384,"dominant_id":2,"dominant_pixel_count":1667.4156862745085,"grass_fraction":0.4631215839703384,"grass_pixel_count":1667.4156862745085,"ignored_pixel_count":0,"inside_fraction":1.0,"patch_group":"urban_mixed","patch_id":"B_24.50861_46.04666","rand_select":0.59514066037182,"rand_test_urban_mixed":0.009791195074640435,"region_name":"B","selected_fraction":1.0,"selected_pixel_count":3600.3843137254894,"shrub_fraction":0.0,"shrub_pixel_count":0,"split":"test","total_pixel_count":3600.3843137254894,"tree_fraction":0.3909702450065245,"tree_pixel_count":1407.643137254902}},{"type":"Feature","geometry":{"geodesic":false,"crs":{"type":"name","properties":{"name":"EPSG:32635"}},"type":"Polygon","coordinates":[[[272000.0,5109000.0],[272500.0,5109000.0],[272500.0,5109500.0],[272000.0,5109500.0],[272000.0,5109000.0]]]},"id":"2_2_544,10218","properties":{"built_fraction":0.1288648964045019,"built_pixel_count":464.2274509803922,"center_lat":46.09883182631683,"center_lon":24.053422656111376,"crop_fraction":0.5704888087687959,"crop_pixel_count":2055.1490196078444,"dominant_class_name":"Cropland","dominant_esa_code":40,"dominant_fraction":0.5704888087687959,"dominant_id":3,"dominant_pixel_count":2055.1490196078444,"grass_fraction":0.08797970000685806,"grass_pixel_count":316.94117647058823,"ignored_pixel_count":9.882352941176473,"inside_fraction":1.0,"patch_group":"urban_mixed","patch_id":"B_24.05342_46.09883","rand_select":0.3091420229049716,"rand_test_urban_mixed":0.011248599039503593,"region_name":"B","selected_fraction":0.9972567576835277,"selected_pixel_count":3592.552941176472,"shrub_fraction":0.0,"shrub_pixel_count":0,"split":"test","total_pixel_count":3602.4352941176485,"tree_fraction":0.20992335250337182,"tree_pixel_count":756.2352941176471}},{"type":"Feature","geometry":{"geodesic":false,"crs":{"type":"name","properties":{"name":"EPSG:32635"}},"type":"Polygon","coordinates":[[[280000.0,5100500.0],[280500.0,5100500.0],[280500.0,5101000.0],[280000.0,5101000.0],[280000.0,5100500.0]]]},"id":"2_2_560,10201","properties":{"built_fraction":0.25332970027247964,"built_pixel_count":911.4901960784313,"center_lat":46.02504413078689,"center_lon":24.16071610231619,"crop_fraction":0.4473024523160762,"crop_pixel_count":1609.4117647058813,"dominant_class_name":"Cropland","dominant_esa_code":40,"dominant_fraction":0.4473024523160762,"dominant_id":3,"dominant_pixel_count":1609.4117647058813,"grass_fraction":0.14225504087193466,"grass_pixel_count":511.83921568627454,"ignored_pixel_count":0,"inside_fraction":1.0,"patch_group":"urban_mixed","patch_id":"B_24.16072_46.02504","rand_select":0.8190477624139462,"rand_test_urban_mixed":0.012989883000353752,"region_name":"B","selected_fraction":1.0,"selected_pixel_count":3598.039215686273,"shrub_fraction":0.0,"shrub_pixel_count":0,"split":"test","total_pixel_count":3598.039215686273,"tree_fraction":0.1571128065395096,"tree_pixel_count":565.2980392156862}}]}